<keymap version="1" name="Windows copy" parent="$default">
  <action id="ActivateBigDataToolWindowToolWindow">
    <keyboard-shortcut first-keystroke="shift ctrl alt b" />
  </action>
  <action id="Annotate">
    <keyboard-shortcut first-keystroke="alt b" />
  </action>
  <action id="EditorCodeBlockEnd" />
  <action id="EditorCodeBlockStart" />
  <action id="FileChooser.NewFolder">
    <keyboard-shortcut first-keystroke="alt insert" />
  </action>
  <action id="FileChooser.TogglePathBar" />
  <action id="Git.ResolveConflicts">
    <keyboard-shortcut first-keystroke="alt r" />
  </action>
  <action id="GotoClass" />
  <action id="HippieBackwardCompletion">
    <keyboard-shortcut first-keystroke="shift alt slash" />
    <keyboard-shortcut first-keystroke="ctrl p" />
  </action>
  <action id="HippieCompletion">
    <keyboard-shortcut first-keystroke="alt slash" />
    <keyboard-shortcut first-keystroke="ctrl n" />
  </action>
  <action id="ParameterInfo" />
  <action id="RunAnything">
    <keyboard-shortcut first-keystroke="f10" />
  </action>
  <action id="SearchEverywhere">
    <keyboard-shortcut first-keystroke="alt f" />
  </action>
  <action id="SplitHorizontally">
    <keyboard-shortcut first-keystroke="alt minus" />
  </action>
  <action id="SplitVertically">
    <keyboard-shortcut first-keystroke="alt equals" />
  </action>
  <action id="VcsShowNextChangeMarker">
    <keyboard-shortcut first-keystroke="shift ctrl alt down" />
    <keyboard-shortcut first-keystroke="ctrl close_bracket" />
  </action>
  <action id="VcsShowPrevChangeMarker">
    <keyboard-shortcut first-keystroke="shift ctrl alt up" />
    <keyboard-shortcut first-keystroke="ctrl open_bracket" />
  </action>
</keymap>