<application>
  <component name="ProjectJdkTable">
    <jdk version="2">
      <name value="Kotlin SDK" />
      <type value="KotlinSDK" />
      <homePath value="" />
      <roots>
        <annotationsPath>
          <root type="composite" />
        </annotationsPath>
        <classPath>
          <root type="composite" />
        </classPath>
        <javadocPath>
          <root type="composite" />
        </javadocPath>
        <sourcePath>
          <root type="composite" />
        </sourcePath>
      </roots>
      <additional />
    </jdk>
    <jdk version="2">
      <name value="jbr-17 (2)" />
      <type value="JavaSDK" />
      <version value="JetBrains Runtime version 17.0.10" />
      <homePath value="$APPLICATION_HOME_DIR$/jbr" />
      <roots>
        <annotationsPath>
          <root type="composite">
            <root url="jar://$APPLICATION_HOME_DIR$/plugins/java/lib/resources/jdkAnnotations.jar!/" type="simple" />
          </root>
        </annotationsPath>
        <classPath>
          <root type="composite">
            <root url="jrt://$APPLICATION_HOME_DIR$/jbr!/java.base" type="simple" />
            <root url="jrt://$APPLICATION_HOME_DIR$/jbr!/java.compiler" type="simple" />
            <root url="jrt://$APPLICATION_HOME_DIR$/jbr!/java.datatransfer" type="simple" />
            <root url="jrt://$APPLICATION_HOME_DIR$/jbr!/java.desktop" type="simple" />
            <root url="jrt://$APPLICATION_HOME_DIR$/jbr!/java.instrument" type="simple" />
            <root url="jrt://$APPLICATION_HOME_DIR$/jbr!/java.logging" type="simple" />
            <root url="jrt://$APPLICATION_HOME_DIR$/jbr!/java.management" type="simple" />
            <root url="jrt://$APPLICATION_HOME_DIR$/jbr!/java.management.rmi" type="simple" />
            <root url="jrt://$APPLICATION_HOME_DIR$/jbr!/java.naming" type="simple" />
            <root url="jrt://$APPLICATION_HOME_DIR$/jbr!/java.net.http" type="simple" />
            <root url="jrt://$APPLICATION_HOME_DIR$/jbr!/java.prefs" type="simple" />
            <root url="jrt://$APPLICATION_HOME_DIR$/jbr!/java.rmi" type="simple" />
            <root url="jrt://$APPLICATION_HOME_DIR$/jbr!/java.scripting" type="simple" />
            <root url="jrt://$APPLICATION_HOME_DIR$/jbr!/java.se" type="simple" />
            <root url="jrt://$APPLICATION_HOME_DIR$/jbr!/java.security.jgss" type="simple" />
            <root url="jrt://$APPLICATION_HOME_DIR$/jbr!/java.security.sasl" type="simple" />
            <root url="jrt://$APPLICATION_HOME_DIR$/jbr!/java.smartcardio" type="simple" />
            <root url="jrt://$APPLICATION_HOME_DIR$/jbr!/java.sql" type="simple" />
            <root url="jrt://$APPLICATION_HOME_DIR$/jbr!/java.sql.rowset" type="simple" />
            <root url="jrt://$APPLICATION_HOME_DIR$/jbr!/java.transaction.xa" type="simple" />
            <root url="jrt://$APPLICATION_HOME_DIR$/jbr!/java.xml" type="simple" />
            <root url="jrt://$APPLICATION_HOME_DIR$/jbr!/java.xml.crypto" type="simple" />
            <root url="jrt://$APPLICATION_HOME_DIR$/jbr!/jdk.accessibility" type="simple" />
            <root url="jrt://$APPLICATION_HOME_DIR$/jbr!/jdk.attach" type="simple" />
            <root url="jrt://$APPLICATION_HOME_DIR$/jbr!/jdk.charsets" type="simple" />
            <root url="jrt://$APPLICATION_HOME_DIR$/jbr!/jdk.compiler" type="simple" />
            <root url="jrt://$APPLICATION_HOME_DIR$/jbr!/jdk.crypto.cryptoki" type="simple" />
            <root url="jrt://$APPLICATION_HOME_DIR$/jbr!/jdk.crypto.ec" type="simple" />
            <root url="jrt://$APPLICATION_HOME_DIR$/jbr!/jdk.dynalink" type="simple" />
            <root url="jrt://$APPLICATION_HOME_DIR$/jbr!/jdk.hotspot.agent" type="simple" />
            <root url="jrt://$APPLICATION_HOME_DIR$/jbr!/jdk.httpserver" type="simple" />
            <root url="jrt://$APPLICATION_HOME_DIR$/jbr!/jdk.internal.ed" type="simple" />
            <root url="jrt://$APPLICATION_HOME_DIR$/jbr!/jdk.internal.jvmstat" type="simple" />
            <root url="jrt://$APPLICATION_HOME_DIR$/jbr!/jdk.internal.le" type="simple" />
            <root url="jrt://$APPLICATION_HOME_DIR$/jbr!/jdk.internal.opt" type="simple" />
            <root url="jrt://$APPLICATION_HOME_DIR$/jbr!/jdk.internal.vm.ci" type="simple" />
            <root url="jrt://$APPLICATION_HOME_DIR$/jbr!/jdk.internal.vm.compiler" type="simple" />
            <root url="jrt://$APPLICATION_HOME_DIR$/jbr!/jdk.internal.vm.compiler.management" type="simple" />
            <root url="jrt://$APPLICATION_HOME_DIR$/jbr!/jdk.jartool" type="simple" />
            <root url="jrt://$APPLICATION_HOME_DIR$/jbr!/jdk.javadoc" type="simple" />
            <root url="jrt://$APPLICATION_HOME_DIR$/jbr!/jdk.jcmd" type="simple" />
            <root url="jrt://$APPLICATION_HOME_DIR$/jbr!/jdk.jdeps" type="simple" />
            <root url="jrt://$APPLICATION_HOME_DIR$/jbr!/jdk.jdi" type="simple" />
            <root url="jrt://$APPLICATION_HOME_DIR$/jbr!/jdk.jdwp.agent" type="simple" />
            <root url="jrt://$APPLICATION_HOME_DIR$/jbr!/jdk.jfr" type="simple" />
            <root url="jrt://$APPLICATION_HOME_DIR$/jbr!/jdk.jlink" type="simple" />
            <root url="jrt://$APPLICATION_HOME_DIR$/jbr!/jdk.jsobject" type="simple" />
            <root url="jrt://$APPLICATION_HOME_DIR$/jbr!/jdk.localedata" type="simple" />
            <root url="jrt://$APPLICATION_HOME_DIR$/jbr!/jdk.management" type="simple" />
            <root url="jrt://$APPLICATION_HOME_DIR$/jbr!/jdk.management.agent" type="simple" />
            <root url="jrt://$APPLICATION_HOME_DIR$/jbr!/jdk.management.jfr" type="simple" />
            <root url="jrt://$APPLICATION_HOME_DIR$/jbr!/jdk.naming.dns" type="simple" />
            <root url="jrt://$APPLICATION_HOME_DIR$/jbr!/jdk.naming.rmi" type="simple" />
            <root url="jrt://$APPLICATION_HOME_DIR$/jbr!/jdk.net" type="simple" />
            <root url="jrt://$APPLICATION_HOME_DIR$/jbr!/jdk.sctp" type="simple" />
            <root url="jrt://$APPLICATION_HOME_DIR$/jbr!/jdk.security.auth" type="simple" />
            <root url="jrt://$APPLICATION_HOME_DIR$/jbr!/jdk.security.jgss" type="simple" />
            <root url="jrt://$APPLICATION_HOME_DIR$/jbr!/jdk.unsupported" type="simple" />
            <root url="jrt://$APPLICATION_HOME_DIR$/jbr!/jdk.unsupported.desktop" type="simple" />
            <root url="jrt://$APPLICATION_HOME_DIR$/jbr!/jdk.xml.dom" type="simple" />
            <root url="jrt://$APPLICATION_HOME_DIR$/jbr!/jdk.zipfs" type="simple" />
          </root>
        </classPath>
        <javadocPath>
          <root type="composite" />
        </javadocPath>
        <sourcePath>
          <root type="composite" />
        </sourcePath>
      </roots>
      <additional />
    </jdk>
    <jdk version="2">
      <name value="Android API 34, extension level 7 Platform" />
      <type value="Android SDK" />
      <version value="JetBrains Runtime version 17.0.6" />
      <homePath value="$USER_HOME$/Android/Sdk" />
      <roots>
        <annotationsPath>
          <root type="composite">
            <root url="jar://$USER_HOME$/Android/Sdk/platforms/android-34/data/annotations.zip!/" type="simple" />
          </root>
        </annotationsPath>
        <classPath>
          <root type="composite">
            <root url="jar://$USER_HOME$/Android/Sdk/platforms/android-34/android.jar!/" type="simple" />
            <root url="file://$USER_HOME$/Android/Sdk/platforms/android-34/data/res" type="simple" />
          </root>
        </classPath>
        <javadocPath>
          <root type="composite">
            <root url="http://developer.android.com/reference/" type="simple" />
          </root>
        </javadocPath>
        <sourcePath>
          <root type="composite" />
        </sourcePath>
      </roots>
      <additional sdk="android-34" />
    </jdk>
    <jdk version="2">
      <name value="jbr-17" />
      <type value="JavaSDK" />
      <version value="JetBrains Runtime version 17.0.10" />
      <homePath value="$APPLICATION_HOME_DIR$/jbr" />
      <roots>
        <annotationsPath>
          <root type="composite">
            <root url="jar://$APPLICATION_HOME_DIR$/plugins/java/lib/resources/jdkAnnotations.jar!/" type="simple" />
          </root>
        </annotationsPath>
        <classPath>
          <root type="composite">
            <root url="jrt://$APPLICATION_HOME_DIR$/jbr!/java.base" type="simple" />
            <root url="jrt://$APPLICATION_HOME_DIR$/jbr!/java.compiler" type="simple" />
            <root url="jrt://$APPLICATION_HOME_DIR$/jbr!/java.datatransfer" type="simple" />
            <root url="jrt://$APPLICATION_HOME_DIR$/jbr!/java.desktop" type="simple" />
            <root url="jrt://$APPLICATION_HOME_DIR$/jbr!/java.instrument" type="simple" />
            <root url="jrt://$APPLICATION_HOME_DIR$/jbr!/java.logging" type="simple" />
            <root url="jrt://$APPLICATION_HOME_DIR$/jbr!/java.management" type="simple" />
            <root url="jrt://$APPLICATION_HOME_DIR$/jbr!/java.management.rmi" type="simple" />
            <root url="jrt://$APPLICATION_HOME_DIR$/jbr!/java.naming" type="simple" />
            <root url="jrt://$APPLICATION_HOME_DIR$/jbr!/java.net.http" type="simple" />
            <root url="jrt://$APPLICATION_HOME_DIR$/jbr!/java.prefs" type="simple" />
            <root url="jrt://$APPLICATION_HOME_DIR$/jbr!/java.rmi" type="simple" />
            <root url="jrt://$APPLICATION_HOME_DIR$/jbr!/java.scripting" type="simple" />
            <root url="jrt://$APPLICATION_HOME_DIR$/jbr!/java.se" type="simple" />
            <root url="jrt://$APPLICATION_HOME_DIR$/jbr!/java.security.jgss" type="simple" />
            <root url="jrt://$APPLICATION_HOME_DIR$/jbr!/java.security.sasl" type="simple" />
            <root url="jrt://$APPLICATION_HOME_DIR$/jbr!/java.smartcardio" type="simple" />
            <root url="jrt://$APPLICATION_HOME_DIR$/jbr!/java.sql" type="simple" />
            <root url="jrt://$APPLICATION_HOME_DIR$/jbr!/java.sql.rowset" type="simple" />
            <root url="jrt://$APPLICATION_HOME_DIR$/jbr!/java.transaction.xa" type="simple" />
            <root url="jrt://$APPLICATION_HOME_DIR$/jbr!/java.xml" type="simple" />
            <root url="jrt://$APPLICATION_HOME_DIR$/jbr!/java.xml.crypto" type="simple" />
            <root url="jrt://$APPLICATION_HOME_DIR$/jbr!/jdk.accessibility" type="simple" />
            <root url="jrt://$APPLICATION_HOME_DIR$/jbr!/jdk.attach" type="simple" />
            <root url="jrt://$APPLICATION_HOME_DIR$/jbr!/jdk.charsets" type="simple" />
            <root url="jrt://$APPLICATION_HOME_DIR$/jbr!/jdk.compiler" type="simple" />
            <root url="jrt://$APPLICATION_HOME_DIR$/jbr!/jdk.crypto.cryptoki" type="simple" />
            <root url="jrt://$APPLICATION_HOME_DIR$/jbr!/jdk.crypto.ec" type="simple" />
            <root url="jrt://$APPLICATION_HOME_DIR$/jbr!/jdk.dynalink" type="simple" />
            <root url="jrt://$APPLICATION_HOME_DIR$/jbr!/jdk.hotspot.agent" type="simple" />
            <root url="jrt://$APPLICATION_HOME_DIR$/jbr!/jdk.httpserver" type="simple" />
            <root url="jrt://$APPLICATION_HOME_DIR$/jbr!/jdk.internal.ed" type="simple" />
            <root url="jrt://$APPLICATION_HOME_DIR$/jbr!/jdk.internal.jvmstat" type="simple" />
            <root url="jrt://$APPLICATION_HOME_DIR$/jbr!/jdk.internal.le" type="simple" />
            <root url="jrt://$APPLICATION_HOME_DIR$/jbr!/jdk.internal.opt" type="simple" />
            <root url="jrt://$APPLICATION_HOME_DIR$/jbr!/jdk.internal.vm.ci" type="simple" />
            <root url="jrt://$APPLICATION_HOME_DIR$/jbr!/jdk.internal.vm.compiler" type="simple" />
            <root url="jrt://$APPLICATION_HOME_DIR$/jbr!/jdk.internal.vm.compiler.management" type="simple" />
            <root url="jrt://$APPLICATION_HOME_DIR$/jbr!/jdk.jartool" type="simple" />
            <root url="jrt://$APPLICATION_HOME_DIR$/jbr!/jdk.javadoc" type="simple" />
            <root url="jrt://$APPLICATION_HOME_DIR$/jbr!/jdk.jcmd" type="simple" />
            <root url="jrt://$APPLICATION_HOME_DIR$/jbr!/jdk.jdeps" type="simple" />
            <root url="jrt://$APPLICATION_HOME_DIR$/jbr!/jdk.jdi" type="simple" />
            <root url="jrt://$APPLICATION_HOME_DIR$/jbr!/jdk.jdwp.agent" type="simple" />
            <root url="jrt://$APPLICATION_HOME_DIR$/jbr!/jdk.jfr" type="simple" />
            <root url="jrt://$APPLICATION_HOME_DIR$/jbr!/jdk.jlink" type="simple" />
            <root url="jrt://$APPLICATION_HOME_DIR$/jbr!/jdk.jsobject" type="simple" />
            <root url="jrt://$APPLICATION_HOME_DIR$/jbr!/jdk.localedata" type="simple" />
            <root url="jrt://$APPLICATION_HOME_DIR$/jbr!/jdk.management" type="simple" />
            <root url="jrt://$APPLICATION_HOME_DIR$/jbr!/jdk.management.agent" type="simple" />
            <root url="jrt://$APPLICATION_HOME_DIR$/jbr!/jdk.management.jfr" type="simple" />
            <root url="jrt://$APPLICATION_HOME_DIR$/jbr!/jdk.naming.dns" type="simple" />
            <root url="jrt://$APPLICATION_HOME_DIR$/jbr!/jdk.naming.rmi" type="simple" />
            <root url="jrt://$APPLICATION_HOME_DIR$/jbr!/jdk.net" type="simple" />
            <root url="jrt://$APPLICATION_HOME_DIR$/jbr!/jdk.sctp" type="simple" />
            <root url="jrt://$APPLICATION_HOME_DIR$/jbr!/jdk.security.auth" type="simple" />
            <root url="jrt://$APPLICATION_HOME_DIR$/jbr!/jdk.security.jgss" type="simple" />
            <root url="jrt://$APPLICATION_HOME_DIR$/jbr!/jdk.unsupported" type="simple" />
            <root url="jrt://$APPLICATION_HOME_DIR$/jbr!/jdk.unsupported.desktop" type="simple" />
            <root url="jrt://$APPLICATION_HOME_DIR$/jbr!/jdk.xml.dom" type="simple" />
            <root url="jrt://$APPLICATION_HOME_DIR$/jbr!/jdk.zipfs" type="simple" />
          </root>
        </classPath>
        <javadocPath>
          <root type="composite" />
        </javadocPath>
        <sourcePath>
          <root type="composite" />
        </sourcePath>
      </roots>
      <additional />
    </jdk>
    <jdk version="2">
      <name value="17" />
      <type value="JavaSDK" />
      <version value="Oracle OpenJDK version 17.0.7" />
      <homePath value="$USER_HOME$/.sdkman/candidates/java/17.0.7-oracle" />
      <roots>
        <annotationsPath>
          <root type="composite">
            <root url="jar://$APPLICATION_HOME_DIR$/plugins/java/lib/resources/jdkAnnotations.jar!/" type="simple" />
          </root>
        </annotationsPath>
        <classPath>
          <root type="composite">
            <root url="jrt://$USER_HOME$/.sdkman/candidates/java/17.0.7-oracle!/java.base" type="simple" />
            <root url="jrt://$USER_HOME$/.sdkman/candidates/java/17.0.7-oracle!/java.compiler" type="simple" />
            <root url="jrt://$USER_HOME$/.sdkman/candidates/java/17.0.7-oracle!/java.datatransfer" type="simple" />
            <root url="jrt://$USER_HOME$/.sdkman/candidates/java/17.0.7-oracle!/java.desktop" type="simple" />
            <root url="jrt://$USER_HOME$/.sdkman/candidates/java/17.0.7-oracle!/java.instrument" type="simple" />
            <root url="jrt://$USER_HOME$/.sdkman/candidates/java/17.0.7-oracle!/java.logging" type="simple" />
            <root url="jrt://$USER_HOME$/.sdkman/candidates/java/17.0.7-oracle!/java.management" type="simple" />
            <root url="jrt://$USER_HOME$/.sdkman/candidates/java/17.0.7-oracle!/java.management.rmi" type="simple" />
            <root url="jrt://$USER_HOME$/.sdkman/candidates/java/17.0.7-oracle!/java.naming" type="simple" />
            <root url="jrt://$USER_HOME$/.sdkman/candidates/java/17.0.7-oracle!/java.net.http" type="simple" />
            <root url="jrt://$USER_HOME$/.sdkman/candidates/java/17.0.7-oracle!/java.prefs" type="simple" />
            <root url="jrt://$USER_HOME$/.sdkman/candidates/java/17.0.7-oracle!/java.rmi" type="simple" />
            <root url="jrt://$USER_HOME$/.sdkman/candidates/java/17.0.7-oracle!/java.scripting" type="simple" />
            <root url="jrt://$USER_HOME$/.sdkman/candidates/java/17.0.7-oracle!/java.se" type="simple" />
            <root url="jrt://$USER_HOME$/.sdkman/candidates/java/17.0.7-oracle!/java.security.jgss" type="simple" />
            <root url="jrt://$USER_HOME$/.sdkman/candidates/java/17.0.7-oracle!/java.security.sasl" type="simple" />
            <root url="jrt://$USER_HOME$/.sdkman/candidates/java/17.0.7-oracle!/java.smartcardio" type="simple" />
            <root url="jrt://$USER_HOME$/.sdkman/candidates/java/17.0.7-oracle!/java.sql" type="simple" />
            <root url="jrt://$USER_HOME$/.sdkman/candidates/java/17.0.7-oracle!/java.sql.rowset" type="simple" />
            <root url="jrt://$USER_HOME$/.sdkman/candidates/java/17.0.7-oracle!/java.transaction.xa" type="simple" />
            <root url="jrt://$USER_HOME$/.sdkman/candidates/java/17.0.7-oracle!/java.xml" type="simple" />
            <root url="jrt://$USER_HOME$/.sdkman/candidates/java/17.0.7-oracle!/java.xml.crypto" type="simple" />
            <root url="jrt://$USER_HOME$/.sdkman/candidates/java/17.0.7-oracle!/jdk.accessibility" type="simple" />
            <root url="jrt://$USER_HOME$/.sdkman/candidates/java/17.0.7-oracle!/jdk.attach" type="simple" />
            <root url="jrt://$USER_HOME$/.sdkman/candidates/java/17.0.7-oracle!/jdk.charsets" type="simple" />
            <root url="jrt://$USER_HOME$/.sdkman/candidates/java/17.0.7-oracle!/jdk.compiler" type="simple" />
            <root url="jrt://$USER_HOME$/.sdkman/candidates/java/17.0.7-oracle!/jdk.crypto.cryptoki" type="simple" />
            <root url="jrt://$USER_HOME$/.sdkman/candidates/java/17.0.7-oracle!/jdk.crypto.ec" type="simple" />
            <root url="jrt://$USER_HOME$/.sdkman/candidates/java/17.0.7-oracle!/jdk.dynalink" type="simple" />
            <root url="jrt://$USER_HOME$/.sdkman/candidates/java/17.0.7-oracle!/jdk.editpad" type="simple" />
            <root url="jrt://$USER_HOME$/.sdkman/candidates/java/17.0.7-oracle!/jdk.hotspot.agent" type="simple" />
            <root url="jrt://$USER_HOME$/.sdkman/candidates/java/17.0.7-oracle!/jdk.httpserver" type="simple" />
            <root url="jrt://$USER_HOME$/.sdkman/candidates/java/17.0.7-oracle!/jdk.incubator.foreign" type="simple" />
            <root url="jrt://$USER_HOME$/.sdkman/candidates/java/17.0.7-oracle!/jdk.incubator.vector" type="simple" />
            <root url="jrt://$USER_HOME$/.sdkman/candidates/java/17.0.7-oracle!/jdk.internal.ed" type="simple" />
            <root url="jrt://$USER_HOME$/.sdkman/candidates/java/17.0.7-oracle!/jdk.internal.jvmstat" type="simple" />
            <root url="jrt://$USER_HOME$/.sdkman/candidates/java/17.0.7-oracle!/jdk.internal.le" type="simple" />
            <root url="jrt://$USER_HOME$/.sdkman/candidates/java/17.0.7-oracle!/jdk.internal.opt" type="simple" />
            <root url="jrt://$USER_HOME$/.sdkman/candidates/java/17.0.7-oracle!/jdk.internal.vm.ci" type="simple" />
            <root url="jrt://$USER_HOME$/.sdkman/candidates/java/17.0.7-oracle!/jdk.internal.vm.compiler" type="simple" />
            <root url="jrt://$USER_HOME$/.sdkman/candidates/java/17.0.7-oracle!/jdk.internal.vm.compiler.management" type="simple" />
            <root url="jrt://$USER_HOME$/.sdkman/candidates/java/17.0.7-oracle!/jdk.jartool" type="simple" />
            <root url="jrt://$USER_HOME$/.sdkman/candidates/java/17.0.7-oracle!/jdk.javadoc" type="simple" />
            <root url="jrt://$USER_HOME$/.sdkman/candidates/java/17.0.7-oracle!/jdk.jcmd" type="simple" />
            <root url="jrt://$USER_HOME$/.sdkman/candidates/java/17.0.7-oracle!/jdk.jconsole" type="simple" />
            <root url="jrt://$USER_HOME$/.sdkman/candidates/java/17.0.7-oracle!/jdk.jdeps" type="simple" />
            <root url="jrt://$USER_HOME$/.sdkman/candidates/java/17.0.7-oracle!/jdk.jdi" type="simple" />
            <root url="jrt://$USER_HOME$/.sdkman/candidates/java/17.0.7-oracle!/jdk.jdwp.agent" type="simple" />
            <root url="jrt://$USER_HOME$/.sdkman/candidates/java/17.0.7-oracle!/jdk.jfr" type="simple" />
            <root url="jrt://$USER_HOME$/.sdkman/candidates/java/17.0.7-oracle!/jdk.jlink" type="simple" />
            <root url="jrt://$USER_HOME$/.sdkman/candidates/java/17.0.7-oracle!/jdk.jpackage" type="simple" />
            <root url="jrt://$USER_HOME$/.sdkman/candidates/java/17.0.7-oracle!/jdk.jshell" type="simple" />
            <root url="jrt://$USER_HOME$/.sdkman/candidates/java/17.0.7-oracle!/jdk.jsobject" type="simple" />
            <root url="jrt://$USER_HOME$/.sdkman/candidates/java/17.0.7-oracle!/jdk.jstatd" type="simple" />
            <root url="jrt://$USER_HOME$/.sdkman/candidates/java/17.0.7-oracle!/jdk.localedata" type="simple" />
            <root url="jrt://$USER_HOME$/.sdkman/candidates/java/17.0.7-oracle!/jdk.management" type="simple" />
            <root url="jrt://$USER_HOME$/.sdkman/candidates/java/17.0.7-oracle!/jdk.management.agent" type="simple" />
            <root url="jrt://$USER_HOME$/.sdkman/candidates/java/17.0.7-oracle!/jdk.management.jfr" type="simple" />
            <root url="jrt://$USER_HOME$/.sdkman/candidates/java/17.0.7-oracle!/jdk.naming.dns" type="simple" />
            <root url="jrt://$USER_HOME$/.sdkman/candidates/java/17.0.7-oracle!/jdk.naming.rmi" type="simple" />
            <root url="jrt://$USER_HOME$/.sdkman/candidates/java/17.0.7-oracle!/jdk.net" type="simple" />
            <root url="jrt://$USER_HOME$/.sdkman/candidates/java/17.0.7-oracle!/jdk.nio.mapmode" type="simple" />
            <root url="jrt://$USER_HOME$/.sdkman/candidates/java/17.0.7-oracle!/jdk.random" type="simple" />
            <root url="jrt://$USER_HOME$/.sdkman/candidates/java/17.0.7-oracle!/jdk.sctp" type="simple" />
            <root url="jrt://$USER_HOME$/.sdkman/candidates/java/17.0.7-oracle!/jdk.security.auth" type="simple" />
            <root url="jrt://$USER_HOME$/.sdkman/candidates/java/17.0.7-oracle!/jdk.security.jgss" type="simple" />
            <root url="jrt://$USER_HOME$/.sdkman/candidates/java/17.0.7-oracle!/jdk.unsupported" type="simple" />
            <root url="jrt://$USER_HOME$/.sdkman/candidates/java/17.0.7-oracle!/jdk.unsupported.desktop" type="simple" />
            <root url="jrt://$USER_HOME$/.sdkman/candidates/java/17.0.7-oracle!/jdk.xml.dom" type="simple" />
            <root url="jrt://$USER_HOME$/.sdkman/candidates/java/17.0.7-oracle!/jdk.zipfs" type="simple" />
          </root>
        </classPath>
        <javadocPath>
          <root type="composite" />
        </javadocPath>
        <sourcePath>
          <root type="composite">
            <root url="jar://$USER_HOME$/.sdkman/candidates/java/17.0.7-oracle/lib/src.zip!/java.se" type="simple" />
            <root url="jar://$USER_HOME$/.sdkman/candidates/java/17.0.7-oracle/lib/src.zip!/jdk.jdi" type="simple" />
            <root url="jar://$USER_HOME$/.sdkman/candidates/java/17.0.7-oracle/lib/src.zip!/jdk.jfr" type="simple" />
            <root url="jar://$USER_HOME$/.sdkman/candidates/java/17.0.7-oracle/lib/src.zip!/jdk.net" type="simple" />
            <root url="jar://$USER_HOME$/.sdkman/candidates/java/17.0.7-oracle/lib/src.zip!/java.rmi" type="simple" />
            <root url="jar://$USER_HOME$/.sdkman/candidates/java/17.0.7-oracle/lib/src.zip!/java.sql" type="simple" />
            <root url="jar://$USER_HOME$/.sdkman/candidates/java/17.0.7-oracle/lib/src.zip!/java.xml" type="simple" />
            <root url="jar://$USER_HOME$/.sdkman/candidates/java/17.0.7-oracle/lib/src.zip!/jdk.jcmd" type="simple" />
            <root url="jar://$USER_HOME$/.sdkman/candidates/java/17.0.7-oracle/lib/src.zip!/jdk.sctp" type="simple" />
            <root url="jar://$USER_HOME$/.sdkman/candidates/java/17.0.7-oracle/lib/src.zip!/java.base" type="simple" />
            <root url="jar://$USER_HOME$/.sdkman/candidates/java/17.0.7-oracle/lib/src.zip!/jdk.jdeps" type="simple" />
            <root url="jar://$USER_HOME$/.sdkman/candidates/java/17.0.7-oracle/lib/src.zip!/jdk.jlink" type="simple" />
            <root url="jar://$USER_HOME$/.sdkman/candidates/java/17.0.7-oracle/lib/src.zip!/jdk.zipfs" type="simple" />
            <root url="jar://$USER_HOME$/.sdkman/candidates/java/17.0.7-oracle/lib/src.zip!/java.prefs" type="simple" />
            <root url="jar://$USER_HOME$/.sdkman/candidates/java/17.0.7-oracle/lib/src.zip!/jdk.attach" type="simple" />
            <root url="jar://$USER_HOME$/.sdkman/candidates/java/17.0.7-oracle/lib/src.zip!/jdk.jshell" type="simple" />
            <root url="jar://$USER_HOME$/.sdkman/candidates/java/17.0.7-oracle/lib/src.zip!/jdk.jstatd" type="simple" />
            <root url="jar://$USER_HOME$/.sdkman/candidates/java/17.0.7-oracle/lib/src.zip!/jdk.random" type="simple" />
            <root url="jar://$USER_HOME$/.sdkman/candidates/java/17.0.7-oracle/lib/src.zip!/java.naming" type="simple" />
            <root url="jar://$USER_HOME$/.sdkman/candidates/java/17.0.7-oracle/lib/src.zip!/jdk.editpad" type="simple" />
            <root url="jar://$USER_HOME$/.sdkman/candidates/java/17.0.7-oracle/lib/src.zip!/jdk.jartool" type="simple" />
            <root url="jar://$USER_HOME$/.sdkman/candidates/java/17.0.7-oracle/lib/src.zip!/jdk.javadoc" type="simple" />
            <root url="jar://$USER_HOME$/.sdkman/candidates/java/17.0.7-oracle/lib/src.zip!/jdk.xml.dom" type="simple" />
            <root url="jar://$USER_HOME$/.sdkman/candidates/java/17.0.7-oracle/lib/src.zip!/java.desktop" type="simple" />
            <root url="jar://$USER_HOME$/.sdkman/candidates/java/17.0.7-oracle/lib/src.zip!/java.logging" type="simple" />
            <root url="jar://$USER_HOME$/.sdkman/candidates/java/17.0.7-oracle/lib/src.zip!/jdk.charsets" type="simple" />
            <root url="jar://$USER_HOME$/.sdkman/candidates/java/17.0.7-oracle/lib/src.zip!/jdk.compiler" type="simple" />
            <root url="jar://$USER_HOME$/.sdkman/candidates/java/17.0.7-oracle/lib/src.zip!/jdk.dynalink" type="simple" />
            <root url="jar://$USER_HOME$/.sdkman/candidates/java/17.0.7-oracle/lib/src.zip!/jdk.jconsole" type="simple" />
            <root url="jar://$USER_HOME$/.sdkman/candidates/java/17.0.7-oracle/lib/src.zip!/jdk.jpackage" type="simple" />
            <root url="jar://$USER_HOME$/.sdkman/candidates/java/17.0.7-oracle/lib/src.zip!/jdk.jsobject" type="simple" />
            <root url="jar://$USER_HOME$/.sdkman/candidates/java/17.0.7-oracle/lib/src.zip!/java.compiler" type="simple" />
            <root url="jar://$USER_HOME$/.sdkman/candidates/java/17.0.7-oracle/lib/src.zip!/java.net.http" type="simple" />
            <root url="jar://$USER_HOME$/.sdkman/candidates/java/17.0.7-oracle/lib/src.zip!/jdk.crypto.ec" type="simple" />
            <root url="jar://$USER_HOME$/.sdkman/candidates/java/17.0.7-oracle/lib/src.zip!/java.scripting" type="simple" />
            <root url="jar://$USER_HOME$/.sdkman/candidates/java/17.0.7-oracle/lib/src.zip!/jdk.httpserver" type="simple" />
            <root url="jar://$USER_HOME$/.sdkman/candidates/java/17.0.7-oracle/lib/src.zip!/jdk.jdwp.agent" type="simple" />
            <root url="jar://$USER_HOME$/.sdkman/candidates/java/17.0.7-oracle/lib/src.zip!/jdk.localedata" type="simple" />
            <root url="jar://$USER_HOME$/.sdkman/candidates/java/17.0.7-oracle/lib/src.zip!/jdk.management" type="simple" />
            <root url="jar://$USER_HOME$/.sdkman/candidates/java/17.0.7-oracle/lib/src.zip!/jdk.naming.dns" type="simple" />
            <root url="jar://$USER_HOME$/.sdkman/candidates/java/17.0.7-oracle/lib/src.zip!/jdk.naming.rmi" type="simple" />
            <root url="jar://$USER_HOME$/.sdkman/candidates/java/17.0.7-oracle/lib/src.zip!/java.instrument" type="simple" />
            <root url="jar://$USER_HOME$/.sdkman/candidates/java/17.0.7-oracle/lib/src.zip!/java.management" type="simple" />
            <root url="jar://$USER_HOME$/.sdkman/candidates/java/17.0.7-oracle/lib/src.zip!/java.sql.rowset" type="simple" />
            <root url="jar://$USER_HOME$/.sdkman/candidates/java/17.0.7-oracle/lib/src.zip!/java.xml.crypto" type="simple" />
            <root url="jar://$USER_HOME$/.sdkman/candidates/java/17.0.7-oracle/lib/src.zip!/jdk.internal.ed" type="simple" />
            <root url="jar://$USER_HOME$/.sdkman/candidates/java/17.0.7-oracle/lib/src.zip!/jdk.internal.le" type="simple" />
            <root url="jar://$USER_HOME$/.sdkman/candidates/java/17.0.7-oracle/lib/src.zip!/jdk.nio.mapmode" type="simple" />
            <root url="jar://$USER_HOME$/.sdkman/candidates/java/17.0.7-oracle/lib/src.zip!/jdk.unsupported" type="simple" />
            <root url="jar://$USER_HOME$/.sdkman/candidates/java/17.0.7-oracle/lib/src.zip!/java.smartcardio" type="simple" />
            <root url="jar://$USER_HOME$/.sdkman/candidates/java/17.0.7-oracle/lib/src.zip!/jdk.internal.opt" type="simple" />
            <root url="jar://$USER_HOME$/.sdkman/candidates/java/17.0.7-oracle/lib/src.zip!/java.datatransfer" type="simple" />
            <root url="jar://$USER_HOME$/.sdkman/candidates/java/17.0.7-oracle/lib/src.zip!/jdk.accessibility" type="simple" />
            <root url="jar://$USER_HOME$/.sdkman/candidates/java/17.0.7-oracle/lib/src.zip!/jdk.hotspot.agent" type="simple" />
            <root url="jar://$USER_HOME$/.sdkman/candidates/java/17.0.7-oracle/lib/src.zip!/jdk.security.auth" type="simple" />
            <root url="jar://$USER_HOME$/.sdkman/candidates/java/17.0.7-oracle/lib/src.zip!/jdk.security.jgss" type="simple" />
            <root url="jar://$USER_HOME$/.sdkman/candidates/java/17.0.7-oracle/lib/src.zip!/java.security.jgss" type="simple" />
            <root url="jar://$USER_HOME$/.sdkman/candidates/java/17.0.7-oracle/lib/src.zip!/java.security.sasl" type="simple" />
            <root url="jar://$USER_HOME$/.sdkman/candidates/java/17.0.7-oracle/lib/src.zip!/jdk.internal.vm.ci" type="simple" />
            <root url="jar://$USER_HOME$/.sdkman/candidates/java/17.0.7-oracle/lib/src.zip!/jdk.management.jfr" type="simple" />
            <root url="jar://$USER_HOME$/.sdkman/candidates/java/17.0.7-oracle/lib/src.zip!/java.management.rmi" type="simple" />
            <root url="jar://$USER_HOME$/.sdkman/candidates/java/17.0.7-oracle/lib/src.zip!/java.transaction.xa" type="simple" />
            <root url="jar://$USER_HOME$/.sdkman/candidates/java/17.0.7-oracle/lib/src.zip!/jdk.crypto.cryptoki" type="simple" />
            <root url="jar://$USER_HOME$/.sdkman/candidates/java/17.0.7-oracle/lib/src.zip!/jdk.incubator.vector" type="simple" />
            <root url="jar://$USER_HOME$/.sdkman/candidates/java/17.0.7-oracle/lib/src.zip!/jdk.internal.jvmstat" type="simple" />
            <root url="jar://$USER_HOME$/.sdkman/candidates/java/17.0.7-oracle/lib/src.zip!/jdk.management.agent" type="simple" />
            <root url="jar://$USER_HOME$/.sdkman/candidates/java/17.0.7-oracle/lib/src.zip!/jdk.incubator.foreign" type="simple" />
            <root url="jar://$USER_HOME$/.sdkman/candidates/java/17.0.7-oracle/lib/src.zip!/jdk.unsupported.desktop" type="simple" />
            <root url="jar://$USER_HOME$/.sdkman/candidates/java/17.0.7-oracle/lib/src.zip!/jdk.internal.vm.compiler" type="simple" />
            <root url="jar://$USER_HOME$/.sdkman/candidates/java/17.0.7-oracle/lib/src.zip!/jdk.internal.vm.compiler.management" type="simple" />
          </root>
        </sourcePath>
      </roots>
      <additional />
    </jdk>
    <jdk version="2">
      <name value="17 (2)" />
      <type value="JavaSDK" />
      <version value="Oracle OpenJDK version 17.0.7" />
      <homePath value="$USER_HOME$/.sdkman/candidates/java/current" />
      <roots>
        <annotationsPath>
          <root type="composite">
            <root url="jar://$APPLICATION_HOME_DIR$/plugins/java/lib/resources/jdkAnnotations.jar!/" type="simple" />
          </root>
        </annotationsPath>
        <classPath>
          <root type="composite">
            <root url="jrt://$USER_HOME$/.sdkman/candidates/java/current!/java.base" type="simple" />
            <root url="jrt://$USER_HOME$/.sdkman/candidates/java/current!/java.compiler" type="simple" />
            <root url="jrt://$USER_HOME$/.sdkman/candidates/java/current!/java.datatransfer" type="simple" />
            <root url="jrt://$USER_HOME$/.sdkman/candidates/java/current!/java.desktop" type="simple" />
            <root url="jrt://$USER_HOME$/.sdkman/candidates/java/current!/java.instrument" type="simple" />
            <root url="jrt://$USER_HOME$/.sdkman/candidates/java/current!/java.logging" type="simple" />
            <root url="jrt://$USER_HOME$/.sdkman/candidates/java/current!/java.management" type="simple" />
            <root url="jrt://$USER_HOME$/.sdkman/candidates/java/current!/java.management.rmi" type="simple" />
            <root url="jrt://$USER_HOME$/.sdkman/candidates/java/current!/java.naming" type="simple" />
            <root url="jrt://$USER_HOME$/.sdkman/candidates/java/current!/java.net.http" type="simple" />
            <root url="jrt://$USER_HOME$/.sdkman/candidates/java/current!/java.prefs" type="simple" />
            <root url="jrt://$USER_HOME$/.sdkman/candidates/java/current!/java.rmi" type="simple" />
            <root url="jrt://$USER_HOME$/.sdkman/candidates/java/current!/java.scripting" type="simple" />
            <root url="jrt://$USER_HOME$/.sdkman/candidates/java/current!/java.se" type="simple" />
            <root url="jrt://$USER_HOME$/.sdkman/candidates/java/current!/java.security.jgss" type="simple" />
            <root url="jrt://$USER_HOME$/.sdkman/candidates/java/current!/java.security.sasl" type="simple" />
            <root url="jrt://$USER_HOME$/.sdkman/candidates/java/current!/java.smartcardio" type="simple" />
            <root url="jrt://$USER_HOME$/.sdkman/candidates/java/current!/java.sql" type="simple" />
            <root url="jrt://$USER_HOME$/.sdkman/candidates/java/current!/java.sql.rowset" type="simple" />
            <root url="jrt://$USER_HOME$/.sdkman/candidates/java/current!/java.transaction.xa" type="simple" />
            <root url="jrt://$USER_HOME$/.sdkman/candidates/java/current!/java.xml" type="simple" />
            <root url="jrt://$USER_HOME$/.sdkman/candidates/java/current!/java.xml.crypto" type="simple" />
            <root url="jrt://$USER_HOME$/.sdkman/candidates/java/current!/jdk.accessibility" type="simple" />
            <root url="jrt://$USER_HOME$/.sdkman/candidates/java/current!/jdk.attach" type="simple" />
            <root url="jrt://$USER_HOME$/.sdkman/candidates/java/current!/jdk.charsets" type="simple" />
            <root url="jrt://$USER_HOME$/.sdkman/candidates/java/current!/jdk.compiler" type="simple" />
            <root url="jrt://$USER_HOME$/.sdkman/candidates/java/current!/jdk.crypto.cryptoki" type="simple" />
            <root url="jrt://$USER_HOME$/.sdkman/candidates/java/current!/jdk.crypto.ec" type="simple" />
            <root url="jrt://$USER_HOME$/.sdkman/candidates/java/current!/jdk.dynalink" type="simple" />
            <root url="jrt://$USER_HOME$/.sdkman/candidates/java/current!/jdk.editpad" type="simple" />
            <root url="jrt://$USER_HOME$/.sdkman/candidates/java/current!/jdk.hotspot.agent" type="simple" />
            <root url="jrt://$USER_HOME$/.sdkman/candidates/java/current!/jdk.httpserver" type="simple" />
            <root url="jrt://$USER_HOME$/.sdkman/candidates/java/current!/jdk.incubator.vector" type="simple" />
            <root url="jrt://$USER_HOME$/.sdkman/candidates/java/current!/jdk.internal.ed" type="simple" />
            <root url="jrt://$USER_HOME$/.sdkman/candidates/java/current!/jdk.internal.jvmstat" type="simple" />
            <root url="jrt://$USER_HOME$/.sdkman/candidates/java/current!/jdk.internal.le" type="simple" />
            <root url="jrt://$USER_HOME$/.sdkman/candidates/java/current!/jdk.internal.opt" type="simple" />
            <root url="jrt://$USER_HOME$/.sdkman/candidates/java/current!/jdk.internal.vm.ci" type="simple" />
            <root url="jrt://$USER_HOME$/.sdkman/candidates/java/current!/jdk.internal.vm.compiler" type="simple" />
            <root url="jrt://$USER_HOME$/.sdkman/candidates/java/current!/jdk.internal.vm.compiler.management" type="simple" />
            <root url="jrt://$USER_HOME$/.sdkman/candidates/java/current!/jdk.jartool" type="simple" />
            <root url="jrt://$USER_HOME$/.sdkman/candidates/java/current!/jdk.javadoc" type="simple" />
            <root url="jrt://$USER_HOME$/.sdkman/candidates/java/current!/jdk.jcmd" type="simple" />
            <root url="jrt://$USER_HOME$/.sdkman/candidates/java/current!/jdk.jconsole" type="simple" />
            <root url="jrt://$USER_HOME$/.sdkman/candidates/java/current!/jdk.jdeps" type="simple" />
            <root url="jrt://$USER_HOME$/.sdkman/candidates/java/current!/jdk.jdi" type="simple" />
            <root url="jrt://$USER_HOME$/.sdkman/candidates/java/current!/jdk.jdwp.agent" type="simple" />
            <root url="jrt://$USER_HOME$/.sdkman/candidates/java/current!/jdk.jfr" type="simple" />
            <root url="jrt://$USER_HOME$/.sdkman/candidates/java/current!/jdk.jlink" type="simple" />
            <root url="jrt://$USER_HOME$/.sdkman/candidates/java/current!/jdk.jpackage" type="simple" />
            <root url="jrt://$USER_HOME$/.sdkman/candidates/java/current!/jdk.jshell" type="simple" />
            <root url="jrt://$USER_HOME$/.sdkman/candidates/java/current!/jdk.jsobject" type="simple" />
            <root url="jrt://$USER_HOME$/.sdkman/candidates/java/current!/jdk.jstatd" type="simple" />
            <root url="jrt://$USER_HOME$/.sdkman/candidates/java/current!/jdk.localedata" type="simple" />
            <root url="jrt://$USER_HOME$/.sdkman/candidates/java/current!/jdk.management" type="simple" />
            <root url="jrt://$USER_HOME$/.sdkman/candidates/java/current!/jdk.management.agent" type="simple" />
            <root url="jrt://$USER_HOME$/.sdkman/candidates/java/current!/jdk.management.jfr" type="simple" />
            <root url="jrt://$USER_HOME$/.sdkman/candidates/java/current!/jdk.naming.dns" type="simple" />
            <root url="jrt://$USER_HOME$/.sdkman/candidates/java/current!/jdk.naming.rmi" type="simple" />
            <root url="jrt://$USER_HOME$/.sdkman/candidates/java/current!/jdk.net" type="simple" />
            <root url="jrt://$USER_HOME$/.sdkman/candidates/java/current!/jdk.nio.mapmode" type="simple" />
            <root url="jrt://$USER_HOME$/.sdkman/candidates/java/current!/jdk.random" type="simple" />
            <root url="jrt://$USER_HOME$/.sdkman/candidates/java/current!/jdk.sctp" type="simple" />
            <root url="jrt://$USER_HOME$/.sdkman/candidates/java/current!/jdk.security.auth" type="simple" />
            <root url="jrt://$USER_HOME$/.sdkman/candidates/java/current!/jdk.security.jgss" type="simple" />
            <root url="jrt://$USER_HOME$/.sdkman/candidates/java/current!/jdk.unsupported" type="simple" />
            <root url="jrt://$USER_HOME$/.sdkman/candidates/java/current!/jdk.unsupported.desktop" type="simple" />
            <root url="jrt://$USER_HOME$/.sdkman/candidates/java/current!/jdk.xml.dom" type="simple" />
            <root url="jrt://$USER_HOME$/.sdkman/candidates/java/current!/jdk.zipfs" type="simple" />
            <root url="jrt://$USER_HOME$/.sdkman/candidates/java/current!/jdk.incubator.foreign" type="simple" />
          </root>
        </classPath>
        <javadocPath>
          <root type="composite" />
        </javadocPath>
        <sourcePath>
          <root type="composite">
            <root url="jar://$USER_HOME$/.sdkman/candidates/java/current/lib/src.zip!/java.se" type="simple" />
            <root url="jar://$USER_HOME$/.sdkman/candidates/java/current/lib/src.zip!/jdk.jdi" type="simple" />
            <root url="jar://$USER_HOME$/.sdkman/candidates/java/current/lib/src.zip!/jdk.jfr" type="simple" />
            <root url="jar://$USER_HOME$/.sdkman/candidates/java/current/lib/src.zip!/jdk.net" type="simple" />
            <root url="jar://$USER_HOME$/.sdkman/candidates/java/current/lib/src.zip!/java.rmi" type="simple" />
            <root url="jar://$USER_HOME$/.sdkman/candidates/java/current/lib/src.zip!/java.sql" type="simple" />
            <root url="jar://$USER_HOME$/.sdkman/candidates/java/current/lib/src.zip!/java.xml" type="simple" />
            <root url="jar://$USER_HOME$/.sdkman/candidates/java/current/lib/src.zip!/jdk.jcmd" type="simple" />
            <root url="jar://$USER_HOME$/.sdkman/candidates/java/current/lib/src.zip!/jdk.sctp" type="simple" />
            <root url="jar://$USER_HOME$/.sdkman/candidates/java/current/lib/src.zip!/java.base" type="simple" />
            <root url="jar://$USER_HOME$/.sdkman/candidates/java/current/lib/src.zip!/jdk.jdeps" type="simple" />
            <root url="jar://$USER_HOME$/.sdkman/candidates/java/current/lib/src.zip!/jdk.jlink" type="simple" />
            <root url="jar://$USER_HOME$/.sdkman/candidates/java/current/lib/src.zip!/jdk.zipfs" type="simple" />
            <root url="jar://$USER_HOME$/.sdkman/candidates/java/current/lib/src.zip!/java.prefs" type="simple" />
            <root url="jar://$USER_HOME$/.sdkman/candidates/java/current/lib/src.zip!/jdk.attach" type="simple" />
            <root url="jar://$USER_HOME$/.sdkman/candidates/java/current/lib/src.zip!/jdk.jshell" type="simple" />
            <root url="jar://$USER_HOME$/.sdkman/candidates/java/current/lib/src.zip!/jdk.jstatd" type="simple" />
            <root url="jar://$USER_HOME$/.sdkman/candidates/java/current/lib/src.zip!/jdk.random" type="simple" />
            <root url="jar://$USER_HOME$/.sdkman/candidates/java/current/lib/src.zip!/java.naming" type="simple" />
            <root url="jar://$USER_HOME$/.sdkman/candidates/java/current/lib/src.zip!/jdk.editpad" type="simple" />
            <root url="jar://$USER_HOME$/.sdkman/candidates/java/current/lib/src.zip!/jdk.jartool" type="simple" />
            <root url="jar://$USER_HOME$/.sdkman/candidates/java/current/lib/src.zip!/jdk.javadoc" type="simple" />
            <root url="jar://$USER_HOME$/.sdkman/candidates/java/current/lib/src.zip!/jdk.xml.dom" type="simple" />
            <root url="jar://$USER_HOME$/.sdkman/candidates/java/current/lib/src.zip!/java.desktop" type="simple" />
            <root url="jar://$USER_HOME$/.sdkman/candidates/java/current/lib/src.zip!/java.logging" type="simple" />
            <root url="jar://$USER_HOME$/.sdkman/candidates/java/current/lib/src.zip!/jdk.charsets" type="simple" />
            <root url="jar://$USER_HOME$/.sdkman/candidates/java/current/lib/src.zip!/jdk.compiler" type="simple" />
            <root url="jar://$USER_HOME$/.sdkman/candidates/java/current/lib/src.zip!/jdk.dynalink" type="simple" />
            <root url="jar://$USER_HOME$/.sdkman/candidates/java/current/lib/src.zip!/jdk.jconsole" type="simple" />
            <root url="jar://$USER_HOME$/.sdkman/candidates/java/current/lib/src.zip!/jdk.jpackage" type="simple" />
            <root url="jar://$USER_HOME$/.sdkman/candidates/java/current/lib/src.zip!/jdk.jsobject" type="simple" />
            <root url="jar://$USER_HOME$/.sdkman/candidates/java/current/lib/src.zip!/java.compiler" type="simple" />
            <root url="jar://$USER_HOME$/.sdkman/candidates/java/current/lib/src.zip!/java.net.http" type="simple" />
            <root url="jar://$USER_HOME$/.sdkman/candidates/java/current/lib/src.zip!/jdk.crypto.ec" type="simple" />
            <root url="jar://$USER_HOME$/.sdkman/candidates/java/current/lib/src.zip!/java.scripting" type="simple" />
            <root url="jar://$USER_HOME$/.sdkman/candidates/java/current/lib/src.zip!/jdk.httpserver" type="simple" />
            <root url="jar://$USER_HOME$/.sdkman/candidates/java/current/lib/src.zip!/jdk.jdwp.agent" type="simple" />
            <root url="jar://$USER_HOME$/.sdkman/candidates/java/current/lib/src.zip!/jdk.localedata" type="simple" />
            <root url="jar://$USER_HOME$/.sdkman/candidates/java/current/lib/src.zip!/jdk.management" type="simple" />
            <root url="jar://$USER_HOME$/.sdkman/candidates/java/current/lib/src.zip!/jdk.naming.dns" type="simple" />
            <root url="jar://$USER_HOME$/.sdkman/candidates/java/current/lib/src.zip!/jdk.naming.rmi" type="simple" />
            <root url="jar://$USER_HOME$/.sdkman/candidates/java/current/lib/src.zip!/java.instrument" type="simple" />
            <root url="jar://$USER_HOME$/.sdkman/candidates/java/current/lib/src.zip!/java.management" type="simple" />
            <root url="jar://$USER_HOME$/.sdkman/candidates/java/current/lib/src.zip!/java.sql.rowset" type="simple" />
            <root url="jar://$USER_HOME$/.sdkman/candidates/java/current/lib/src.zip!/java.xml.crypto" type="simple" />
            <root url="jar://$USER_HOME$/.sdkman/candidates/java/current/lib/src.zip!/jdk.internal.ed" type="simple" />
            <root url="jar://$USER_HOME$/.sdkman/candidates/java/current/lib/src.zip!/jdk.internal.le" type="simple" />
            <root url="jar://$USER_HOME$/.sdkman/candidates/java/current/lib/src.zip!/jdk.nio.mapmode" type="simple" />
            <root url="jar://$USER_HOME$/.sdkman/candidates/java/current/lib/src.zip!/jdk.unsupported" type="simple" />
            <root url="jar://$USER_HOME$/.sdkman/candidates/java/current/lib/src.zip!/java.smartcardio" type="simple" />
            <root url="jar://$USER_HOME$/.sdkman/candidates/java/current/lib/src.zip!/jdk.internal.opt" type="simple" />
            <root url="jar://$USER_HOME$/.sdkman/candidates/java/current/lib/src.zip!/java.datatransfer" type="simple" />
            <root url="jar://$USER_HOME$/.sdkman/candidates/java/current/lib/src.zip!/jdk.accessibility" type="simple" />
            <root url="jar://$USER_HOME$/.sdkman/candidates/java/current/lib/src.zip!/jdk.hotspot.agent" type="simple" />
            <root url="jar://$USER_HOME$/.sdkman/candidates/java/current/lib/src.zip!/jdk.security.auth" type="simple" />
            <root url="jar://$USER_HOME$/.sdkman/candidates/java/current/lib/src.zip!/jdk.security.jgss" type="simple" />
            <root url="jar://$USER_HOME$/.sdkman/candidates/java/current/lib/src.zip!/java.security.jgss" type="simple" />
            <root url="jar://$USER_HOME$/.sdkman/candidates/java/current/lib/src.zip!/java.security.sasl" type="simple" />
            <root url="jar://$USER_HOME$/.sdkman/candidates/java/current/lib/src.zip!/jdk.internal.vm.ci" type="simple" />
            <root url="jar://$USER_HOME$/.sdkman/candidates/java/current/lib/src.zip!/jdk.management.jfr" type="simple" />
            <root url="jar://$USER_HOME$/.sdkman/candidates/java/current/lib/src.zip!/java.management.rmi" type="simple" />
            <root url="jar://$USER_HOME$/.sdkman/candidates/java/current/lib/src.zip!/java.transaction.xa" type="simple" />
            <root url="jar://$USER_HOME$/.sdkman/candidates/java/current/lib/src.zip!/jdk.crypto.cryptoki" type="simple" />
            <root url="jar://$USER_HOME$/.sdkman/candidates/java/current/lib/src.zip!/jdk.incubator.vector" type="simple" />
            <root url="jar://$USER_HOME$/.sdkman/candidates/java/current/lib/src.zip!/jdk.internal.jvmstat" type="simple" />
            <root url="jar://$USER_HOME$/.sdkman/candidates/java/current/lib/src.zip!/jdk.management.agent" type="simple" />
            <root url="jar://$USER_HOME$/.sdkman/candidates/java/current/lib/src.zip!/jdk.incubator.foreign" type="simple" />
            <root url="jar://$USER_HOME$/.sdkman/candidates/java/current/lib/src.zip!/jdk.unsupported.desktop" type="simple" />
            <root url="jar://$USER_HOME$/.sdkman/candidates/java/current/lib/src.zip!/jdk.internal.vm.compiler" type="simple" />
            <root url="jar://$USER_HOME$/.sdkman/candidates/java/current/lib/src.zip!/jdk.internal.vm.compiler.management" type="simple" />
          </root>
        </sourcePath>
      </roots>
      <additional />
    </jdk>
    <jdk version="2">
      <name value="21" />
      <type value="JavaSDK" />
      <version value="Oracle OpenJDK version 21.0.3" />
      <homePath value="$USER_HOME$/.sdkman/candidates/java/21.0.3-oracle" />
      <roots>
        <annotationsPath>
          <root type="composite">
            <root url="jar://$APPLICATION_HOME_DIR$/plugins/java/lib/resources/jdkAnnotations.jar!/" type="simple" />
          </root>
        </annotationsPath>
        <classPath>
          <root type="composite">
            <root url="jrt://$USER_HOME$/.sdkman/candidates/java/21.0.3-oracle!/java.base" type="simple" />
            <root url="jrt://$USER_HOME$/.sdkman/candidates/java/21.0.3-oracle!/java.compiler" type="simple" />
            <root url="jrt://$USER_HOME$/.sdkman/candidates/java/21.0.3-oracle!/java.datatransfer" type="simple" />
            <root url="jrt://$USER_HOME$/.sdkman/candidates/java/21.0.3-oracle!/java.desktop" type="simple" />
            <root url="jrt://$USER_HOME$/.sdkman/candidates/java/21.0.3-oracle!/java.instrument" type="simple" />
            <root url="jrt://$USER_HOME$/.sdkman/candidates/java/21.0.3-oracle!/java.logging" type="simple" />
            <root url="jrt://$USER_HOME$/.sdkman/candidates/java/21.0.3-oracle!/java.management" type="simple" />
            <root url="jrt://$USER_HOME$/.sdkman/candidates/java/21.0.3-oracle!/java.management.rmi" type="simple" />
            <root url="jrt://$USER_HOME$/.sdkman/candidates/java/21.0.3-oracle!/java.naming" type="simple" />
            <root url="jrt://$USER_HOME$/.sdkman/candidates/java/21.0.3-oracle!/java.net.http" type="simple" />
            <root url="jrt://$USER_HOME$/.sdkman/candidates/java/21.0.3-oracle!/java.prefs" type="simple" />
            <root url="jrt://$USER_HOME$/.sdkman/candidates/java/21.0.3-oracle!/java.rmi" type="simple" />
            <root url="jrt://$USER_HOME$/.sdkman/candidates/java/21.0.3-oracle!/java.scripting" type="simple" />
            <root url="jrt://$USER_HOME$/.sdkman/candidates/java/21.0.3-oracle!/java.se" type="simple" />
            <root url="jrt://$USER_HOME$/.sdkman/candidates/java/21.0.3-oracle!/java.security.jgss" type="simple" />
            <root url="jrt://$USER_HOME$/.sdkman/candidates/java/21.0.3-oracle!/java.security.sasl" type="simple" />
            <root url="jrt://$USER_HOME$/.sdkman/candidates/java/21.0.3-oracle!/java.smartcardio" type="simple" />
            <root url="jrt://$USER_HOME$/.sdkman/candidates/java/21.0.3-oracle!/java.sql" type="simple" />
            <root url="jrt://$USER_HOME$/.sdkman/candidates/java/21.0.3-oracle!/java.sql.rowset" type="simple" />
            <root url="jrt://$USER_HOME$/.sdkman/candidates/java/21.0.3-oracle!/java.transaction.xa" type="simple" />
            <root url="jrt://$USER_HOME$/.sdkman/candidates/java/21.0.3-oracle!/java.xml" type="simple" />
            <root url="jrt://$USER_HOME$/.sdkman/candidates/java/21.0.3-oracle!/java.xml.crypto" type="simple" />
            <root url="jrt://$USER_HOME$/.sdkman/candidates/java/21.0.3-oracle!/jdk.accessibility" type="simple" />
            <root url="jrt://$USER_HOME$/.sdkman/candidates/java/21.0.3-oracle!/jdk.attach" type="simple" />
            <root url="jrt://$USER_HOME$/.sdkman/candidates/java/21.0.3-oracle!/jdk.charsets" type="simple" />
            <root url="jrt://$USER_HOME$/.sdkman/candidates/java/21.0.3-oracle!/jdk.compiler" type="simple" />
            <root url="jrt://$USER_HOME$/.sdkman/candidates/java/21.0.3-oracle!/jdk.crypto.cryptoki" type="simple" />
            <root url="jrt://$USER_HOME$/.sdkman/candidates/java/21.0.3-oracle!/jdk.crypto.ec" type="simple" />
            <root url="jrt://$USER_HOME$/.sdkman/candidates/java/21.0.3-oracle!/jdk.dynalink" type="simple" />
            <root url="jrt://$USER_HOME$/.sdkman/candidates/java/21.0.3-oracle!/jdk.editpad" type="simple" />
            <root url="jrt://$USER_HOME$/.sdkman/candidates/java/21.0.3-oracle!/jdk.hotspot.agent" type="simple" />
            <root url="jrt://$USER_HOME$/.sdkman/candidates/java/21.0.3-oracle!/jdk.httpserver" type="simple" />
            <root url="jrt://$USER_HOME$/.sdkman/candidates/java/21.0.3-oracle!/jdk.incubator.vector" type="simple" />
            <root url="jrt://$USER_HOME$/.sdkman/candidates/java/21.0.3-oracle!/jdk.internal.ed" type="simple" />
            <root url="jrt://$USER_HOME$/.sdkman/candidates/java/21.0.3-oracle!/jdk.internal.jvmstat" type="simple" />
            <root url="jrt://$USER_HOME$/.sdkman/candidates/java/21.0.3-oracle!/jdk.internal.le" type="simple" />
            <root url="jrt://$USER_HOME$/.sdkman/candidates/java/21.0.3-oracle!/jdk.internal.opt" type="simple" />
            <root url="jrt://$USER_HOME$/.sdkman/candidates/java/21.0.3-oracle!/jdk.internal.vm.ci" type="simple" />
            <root url="jrt://$USER_HOME$/.sdkman/candidates/java/21.0.3-oracle!/jdk.internal.vm.compiler" type="simple" />
            <root url="jrt://$USER_HOME$/.sdkman/candidates/java/21.0.3-oracle!/jdk.internal.vm.compiler.management" type="simple" />
            <root url="jrt://$USER_HOME$/.sdkman/candidates/java/21.0.3-oracle!/jdk.jartool" type="simple" />
            <root url="jrt://$USER_HOME$/.sdkman/candidates/java/21.0.3-oracle!/jdk.javadoc" type="simple" />
            <root url="jrt://$USER_HOME$/.sdkman/candidates/java/21.0.3-oracle!/jdk.jcmd" type="simple" />
            <root url="jrt://$USER_HOME$/.sdkman/candidates/java/21.0.3-oracle!/jdk.jconsole" type="simple" />
            <root url="jrt://$USER_HOME$/.sdkman/candidates/java/21.0.3-oracle!/jdk.jdeps" type="simple" />
            <root url="jrt://$USER_HOME$/.sdkman/candidates/java/21.0.3-oracle!/jdk.jdi" type="simple" />
            <root url="jrt://$USER_HOME$/.sdkman/candidates/java/21.0.3-oracle!/jdk.jdwp.agent" type="simple" />
            <root url="jrt://$USER_HOME$/.sdkman/candidates/java/21.0.3-oracle!/jdk.jfr" type="simple" />
            <root url="jrt://$USER_HOME$/.sdkman/candidates/java/21.0.3-oracle!/jdk.jlink" type="simple" />
            <root url="jrt://$USER_HOME$/.sdkman/candidates/java/21.0.3-oracle!/jdk.jpackage" type="simple" />
            <root url="jrt://$USER_HOME$/.sdkman/candidates/java/21.0.3-oracle!/jdk.jshell" type="simple" />
            <root url="jrt://$USER_HOME$/.sdkman/candidates/java/21.0.3-oracle!/jdk.jsobject" type="simple" />
            <root url="jrt://$USER_HOME$/.sdkman/candidates/java/21.0.3-oracle!/jdk.jstatd" type="simple" />
            <root url="jrt://$USER_HOME$/.sdkman/candidates/java/21.0.3-oracle!/jdk.localedata" type="simple" />
            <root url="jrt://$USER_HOME$/.sdkman/candidates/java/21.0.3-oracle!/jdk.management" type="simple" />
            <root url="jrt://$USER_HOME$/.sdkman/candidates/java/21.0.3-oracle!/jdk.management.agent" type="simple" />
            <root url="jrt://$USER_HOME$/.sdkman/candidates/java/21.0.3-oracle!/jdk.management.jfr" type="simple" />
            <root url="jrt://$USER_HOME$/.sdkman/candidates/java/21.0.3-oracle!/jdk.naming.dns" type="simple" />
            <root url="jrt://$USER_HOME$/.sdkman/candidates/java/21.0.3-oracle!/jdk.naming.rmi" type="simple" />
            <root url="jrt://$USER_HOME$/.sdkman/candidates/java/21.0.3-oracle!/jdk.net" type="simple" />
            <root url="jrt://$USER_HOME$/.sdkman/candidates/java/21.0.3-oracle!/jdk.nio.mapmode" type="simple" />
            <root url="jrt://$USER_HOME$/.sdkman/candidates/java/21.0.3-oracle!/jdk.random" type="simple" />
            <root url="jrt://$USER_HOME$/.sdkman/candidates/java/21.0.3-oracle!/jdk.sctp" type="simple" />
            <root url="jrt://$USER_HOME$/.sdkman/candidates/java/21.0.3-oracle!/jdk.security.auth" type="simple" />
            <root url="jrt://$USER_HOME$/.sdkman/candidates/java/21.0.3-oracle!/jdk.security.jgss" type="simple" />
            <root url="jrt://$USER_HOME$/.sdkman/candidates/java/21.0.3-oracle!/jdk.unsupported" type="simple" />
            <root url="jrt://$USER_HOME$/.sdkman/candidates/java/21.0.3-oracle!/jdk.unsupported.desktop" type="simple" />
            <root url="jrt://$USER_HOME$/.sdkman/candidates/java/21.0.3-oracle!/jdk.xml.dom" type="simple" />
            <root url="jrt://$USER_HOME$/.sdkman/candidates/java/21.0.3-oracle!/jdk.zipfs" type="simple" />
          </root>
        </classPath>
        <javadocPath>
          <root type="composite" />
        </javadocPath>
        <sourcePath>
          <root type="composite">
            <root url="jar://$USER_HOME$/.sdkman/candidates/java/21.0.3-oracle/lib/src.zip!/java.se" type="simple" />
            <root url="jar://$USER_HOME$/.sdkman/candidates/java/21.0.3-oracle/lib/src.zip!/jdk.jdi" type="simple" />
            <root url="jar://$USER_HOME$/.sdkman/candidates/java/21.0.3-oracle/lib/src.zip!/jdk.jfr" type="simple" />
            <root url="jar://$USER_HOME$/.sdkman/candidates/java/21.0.3-oracle/lib/src.zip!/jdk.net" type="simple" />
            <root url="jar://$USER_HOME$/.sdkman/candidates/java/21.0.3-oracle/lib/src.zip!/java.rmi" type="simple" />
            <root url="jar://$USER_HOME$/.sdkman/candidates/java/21.0.3-oracle/lib/src.zip!/java.sql" type="simple" />
            <root url="jar://$USER_HOME$/.sdkman/candidates/java/21.0.3-oracle/lib/src.zip!/java.xml" type="simple" />
            <root url="jar://$USER_HOME$/.sdkman/candidates/java/21.0.3-oracle/lib/src.zip!/jdk.jcmd" type="simple" />
            <root url="jar://$USER_HOME$/.sdkman/candidates/java/21.0.3-oracle/lib/src.zip!/jdk.sctp" type="simple" />
            <root url="jar://$USER_HOME$/.sdkman/candidates/java/21.0.3-oracle/lib/src.zip!/java.base" type="simple" />
            <root url="jar://$USER_HOME$/.sdkman/candidates/java/21.0.3-oracle/lib/src.zip!/jdk.jdeps" type="simple" />
            <root url="jar://$USER_HOME$/.sdkman/candidates/java/21.0.3-oracle/lib/src.zip!/jdk.jlink" type="simple" />
            <root url="jar://$USER_HOME$/.sdkman/candidates/java/21.0.3-oracle/lib/src.zip!/jdk.zipfs" type="simple" />
            <root url="jar://$USER_HOME$/.sdkman/candidates/java/21.0.3-oracle/lib/src.zip!/java.prefs" type="simple" />
            <root url="jar://$USER_HOME$/.sdkman/candidates/java/21.0.3-oracle/lib/src.zip!/jdk.attach" type="simple" />
            <root url="jar://$USER_HOME$/.sdkman/candidates/java/21.0.3-oracle/lib/src.zip!/jdk.jshell" type="simple" />
            <root url="jar://$USER_HOME$/.sdkman/candidates/java/21.0.3-oracle/lib/src.zip!/jdk.jstatd" type="simple" />
            <root url="jar://$USER_HOME$/.sdkman/candidates/java/21.0.3-oracle/lib/src.zip!/jdk.random" type="simple" />
            <root url="jar://$USER_HOME$/.sdkman/candidates/java/21.0.3-oracle/lib/src.zip!/java.naming" type="simple" />
            <root url="jar://$USER_HOME$/.sdkman/candidates/java/21.0.3-oracle/lib/src.zip!/jdk.editpad" type="simple" />
            <root url="jar://$USER_HOME$/.sdkman/candidates/java/21.0.3-oracle/lib/src.zip!/jdk.jartool" type="simple" />
            <root url="jar://$USER_HOME$/.sdkman/candidates/java/21.0.3-oracle/lib/src.zip!/jdk.javadoc" type="simple" />
            <root url="jar://$USER_HOME$/.sdkman/candidates/java/21.0.3-oracle/lib/src.zip!/jdk.xml.dom" type="simple" />
            <root url="jar://$USER_HOME$/.sdkman/candidates/java/21.0.3-oracle/lib/src.zip!/java.desktop" type="simple" />
            <root url="jar://$USER_HOME$/.sdkman/candidates/java/21.0.3-oracle/lib/src.zip!/java.logging" type="simple" />
            <root url="jar://$USER_HOME$/.sdkman/candidates/java/21.0.3-oracle/lib/src.zip!/jdk.charsets" type="simple" />
            <root url="jar://$USER_HOME$/.sdkman/candidates/java/21.0.3-oracle/lib/src.zip!/jdk.compiler" type="simple" />
            <root url="jar://$USER_HOME$/.sdkman/candidates/java/21.0.3-oracle/lib/src.zip!/jdk.dynalink" type="simple" />
            <root url="jar://$USER_HOME$/.sdkman/candidates/java/21.0.3-oracle/lib/src.zip!/jdk.jconsole" type="simple" />
            <root url="jar://$USER_HOME$/.sdkman/candidates/java/21.0.3-oracle/lib/src.zip!/jdk.jpackage" type="simple" />
            <root url="jar://$USER_HOME$/.sdkman/candidates/java/21.0.3-oracle/lib/src.zip!/jdk.jsobject" type="simple" />
            <root url="jar://$USER_HOME$/.sdkman/candidates/java/21.0.3-oracle/lib/src.zip!/java.compiler" type="simple" />
            <root url="jar://$USER_HOME$/.sdkman/candidates/java/21.0.3-oracle/lib/src.zip!/java.net.http" type="simple" />
            <root url="jar://$USER_HOME$/.sdkman/candidates/java/21.0.3-oracle/lib/src.zip!/jdk.crypto.ec" type="simple" />
            <root url="jar://$USER_HOME$/.sdkman/candidates/java/21.0.3-oracle/lib/src.zip!/java.scripting" type="simple" />
            <root url="jar://$USER_HOME$/.sdkman/candidates/java/21.0.3-oracle/lib/src.zip!/jdk.httpserver" type="simple" />
            <root url="jar://$USER_HOME$/.sdkman/candidates/java/21.0.3-oracle/lib/src.zip!/jdk.jdwp.agent" type="simple" />
            <root url="jar://$USER_HOME$/.sdkman/candidates/java/21.0.3-oracle/lib/src.zip!/jdk.localedata" type="simple" />
            <root url="jar://$USER_HOME$/.sdkman/candidates/java/21.0.3-oracle/lib/src.zip!/jdk.management" type="simple" />
            <root url="jar://$USER_HOME$/.sdkman/candidates/java/21.0.3-oracle/lib/src.zip!/jdk.naming.dns" type="simple" />
            <root url="jar://$USER_HOME$/.sdkman/candidates/java/21.0.3-oracle/lib/src.zip!/jdk.naming.rmi" type="simple" />
            <root url="jar://$USER_HOME$/.sdkman/candidates/java/21.0.3-oracle/lib/src.zip!/java.instrument" type="simple" />
            <root url="jar://$USER_HOME$/.sdkman/candidates/java/21.0.3-oracle/lib/src.zip!/java.management" type="simple" />
            <root url="jar://$USER_HOME$/.sdkman/candidates/java/21.0.3-oracle/lib/src.zip!/java.sql.rowset" type="simple" />
            <root url="jar://$USER_HOME$/.sdkman/candidates/java/21.0.3-oracle/lib/src.zip!/java.xml.crypto" type="simple" />
            <root url="jar://$USER_HOME$/.sdkman/candidates/java/21.0.3-oracle/lib/src.zip!/jdk.internal.ed" type="simple" />
            <root url="jar://$USER_HOME$/.sdkman/candidates/java/21.0.3-oracle/lib/src.zip!/jdk.internal.le" type="simple" />
            <root url="jar://$USER_HOME$/.sdkman/candidates/java/21.0.3-oracle/lib/src.zip!/jdk.nio.mapmode" type="simple" />
            <root url="jar://$USER_HOME$/.sdkman/candidates/java/21.0.3-oracle/lib/src.zip!/jdk.unsupported" type="simple" />
            <root url="jar://$USER_HOME$/.sdkman/candidates/java/21.0.3-oracle/lib/src.zip!/java.smartcardio" type="simple" />
            <root url="jar://$USER_HOME$/.sdkman/candidates/java/21.0.3-oracle/lib/src.zip!/jdk.internal.opt" type="simple" />
            <root url="jar://$USER_HOME$/.sdkman/candidates/java/21.0.3-oracle/lib/src.zip!/java.datatransfer" type="simple" />
            <root url="jar://$USER_HOME$/.sdkman/candidates/java/21.0.3-oracle/lib/src.zip!/jdk.accessibility" type="simple" />
            <root url="jar://$USER_HOME$/.sdkman/candidates/java/21.0.3-oracle/lib/src.zip!/jdk.hotspot.agent" type="simple" />
            <root url="jar://$USER_HOME$/.sdkman/candidates/java/21.0.3-oracle/lib/src.zip!/jdk.security.auth" type="simple" />
            <root url="jar://$USER_HOME$/.sdkman/candidates/java/21.0.3-oracle/lib/src.zip!/jdk.security.jgss" type="simple" />
            <root url="jar://$USER_HOME$/.sdkman/candidates/java/21.0.3-oracle/lib/src.zip!/java.security.jgss" type="simple" />
            <root url="jar://$USER_HOME$/.sdkman/candidates/java/21.0.3-oracle/lib/src.zip!/java.security.sasl" type="simple" />
            <root url="jar://$USER_HOME$/.sdkman/candidates/java/21.0.3-oracle/lib/src.zip!/jdk.internal.vm.ci" type="simple" />
            <root url="jar://$USER_HOME$/.sdkman/candidates/java/21.0.3-oracle/lib/src.zip!/jdk.management.jfr" type="simple" />
            <root url="jar://$USER_HOME$/.sdkman/candidates/java/21.0.3-oracle/lib/src.zip!/java.management.rmi" type="simple" />
            <root url="jar://$USER_HOME$/.sdkman/candidates/java/21.0.3-oracle/lib/src.zip!/java.transaction.xa" type="simple" />
            <root url="jar://$USER_HOME$/.sdkman/candidates/java/21.0.3-oracle/lib/src.zip!/jdk.crypto.cryptoki" type="simple" />
            <root url="jar://$USER_HOME$/.sdkman/candidates/java/21.0.3-oracle/lib/src.zip!/jdk.incubator.vector" type="simple" />
            <root url="jar://$USER_HOME$/.sdkman/candidates/java/21.0.3-oracle/lib/src.zip!/jdk.internal.jvmstat" type="simple" />
            <root url="jar://$USER_HOME$/.sdkman/candidates/java/21.0.3-oracle/lib/src.zip!/jdk.management.agent" type="simple" />
            <root url="jar://$USER_HOME$/.sdkman/candidates/java/21.0.3-oracle/lib/src.zip!/jdk.unsupported.desktop" type="simple" />
            <root url="jar://$USER_HOME$/.sdkman/candidates/java/21.0.3-oracle/lib/src.zip!/jdk.internal.vm.compiler" type="simple" />
            <root url="jar://$USER_HOME$/.sdkman/candidates/java/21.0.3-oracle/lib/src.zip!/jdk.internal.vm.compiler.management" type="simple" />
          </root>
        </sourcePath>
      </roots>
      <additional />
    </jdk>
  </component>
</application>