<application>
  <component name="ProjectJdkTable">
    <jdk version="2">
      <name value="1.8" />
      <type value="JavaSDK" />
      <version value="version 1.8.0_272" />
      <homePath value="D:/DevTools/huaweiJDK8" />
      <roots>
        <annotationsPath>
          <root type="composite">
            <root url="jar://$APPLICATION_HOME_DIR$/plugins/java/lib/resources/jdkAnnotations.jar!/" type="simple" />
          </root>
        </annotationsPath>
        <classPath>
          <root type="composite">
            <root url="jar://D:/DevTools/huaweiJDK8/jre/lib/charsets.jar!/" type="simple" />
            <root url="jar://D:/DevTools/huaweiJDK8/jre/lib/ext/access-bridge-64.jar!/" type="simple" />
            <root url="jar://D:/DevTools/huaweiJDK8/jre/lib/ext/cldrdata.jar!/" type="simple" />
            <root url="jar://D:/DevTools/huaweiJDK8/jre/lib/ext/dnsns.jar!/" type="simple" />
            <root url="jar://D:/DevTools/huaweiJDK8/jre/lib/ext/jaccess.jar!/" type="simple" />
            <root url="jar://D:/DevTools/huaweiJDK8/jre/lib/ext/jfxrt.jar!/" type="simple" />
            <root url="jar://D:/DevTools/huaweiJDK8/jre/lib/ext/localedata.jar!/" type="simple" />
            <root url="jar://D:/DevTools/huaweiJDK8/jre/lib/ext/nashorn.jar!/" type="simple" />
            <root url="jar://D:/DevTools/huaweiJDK8/jre/lib/ext/sunec.jar!/" type="simple" />
            <root url="jar://D:/DevTools/huaweiJDK8/jre/lib/ext/sunjce_provider.jar!/" type="simple" />
            <root url="jar://D:/DevTools/huaweiJDK8/jre/lib/ext/sunmscapi.jar!/" type="simple" />
            <root url="jar://D:/DevTools/huaweiJDK8/jre/lib/ext/sunpkcs11.jar!/" type="simple" />
            <root url="jar://D:/DevTools/huaweiJDK8/jre/lib/ext/zipfs.jar!/" type="simple" />
            <root url="jar://D:/DevTools/huaweiJDK8/jre/lib/jce.jar!/" type="simple" />
            <root url="jar://D:/DevTools/huaweiJDK8/jre/lib/jfr.jar!/" type="simple" />
            <root url="jar://D:/DevTools/huaweiJDK8/jre/lib/jfxswt.jar!/" type="simple" />
            <root url="jar://D:/DevTools/huaweiJDK8/jre/lib/jsse.jar!/" type="simple" />
            <root url="jar://D:/DevTools/huaweiJDK8/jre/lib/management-agent.jar!/" type="simple" />
            <root url="jar://D:/DevTools/huaweiJDK8/jre/lib/resources.jar!/" type="simple" />
            <root url="jar://D:/DevTools/huaweiJDK8/jre/lib/rt.jar!/" type="simple" />
          </root>
        </classPath>
        <javadocPath>
          <root type="composite" />
        </javadocPath>
        <sourcePath>
          <root type="composite">
            <root url="jar://D:/DevTools/huaweiJDK8/src.zip!/" type="simple" />
            <root url="jar://D:/DevTools/huaweiJDK8/javafx-src.zip!/" type="simple" />
          </root>
        </sourcePath>
      </roots>
      <additional />
    </jdk>
    <jdk version="2">
      <name value="1.8 (2)" />
      <type value="JavaSDK" />
      <version value="java version &quot;1.8.0_272&quot;" />
      <homePath value="D:/DevTools/huaweiJDK8" />
      <roots>
        <annotationsPath>
          <root type="composite">
            <root url="jar://$APPLICATION_HOME_DIR$/plugins/java/lib/resources/jdkAnnotations.jar!/" type="simple" />
          </root>
        </annotationsPath>
        <classPath>
          <root type="composite">
            <root url="jar://D:/DevTools/huaweiJDK8/jre/lib/charsets.jar!/" type="simple" />
            <root url="jar://D:/DevTools/huaweiJDK8/jre/lib/ext/access-bridge-64.jar!/" type="simple" />
            <root url="jar://D:/DevTools/huaweiJDK8/jre/lib/ext/cldrdata.jar!/" type="simple" />
            <root url="jar://D:/DevTools/huaweiJDK8/jre/lib/ext/dnsns.jar!/" type="simple" />
            <root url="jar://D:/DevTools/huaweiJDK8/jre/lib/ext/jaccess.jar!/" type="simple" />
            <root url="jar://D:/DevTools/huaweiJDK8/jre/lib/ext/jfxrt.jar!/" type="simple" />
            <root url="jar://D:/DevTools/huaweiJDK8/jre/lib/ext/localedata.jar!/" type="simple" />
            <root url="jar://D:/DevTools/huaweiJDK8/jre/lib/ext/nashorn.jar!/" type="simple" />
            <root url="jar://D:/DevTools/huaweiJDK8/jre/lib/ext/sunec.jar!/" type="simple" />
            <root url="jar://D:/DevTools/huaweiJDK8/jre/lib/ext/sunjce_provider.jar!/" type="simple" />
            <root url="jar://D:/DevTools/huaweiJDK8/jre/lib/ext/sunmscapi.jar!/" type="simple" />
            <root url="jar://D:/DevTools/huaweiJDK8/jre/lib/ext/sunpkcs11.jar!/" type="simple" />
            <root url="jar://D:/DevTools/huaweiJDK8/jre/lib/ext/zipfs.jar!/" type="simple" />
            <root url="jar://D:/DevTools/huaweiJDK8/jre/lib/jce.jar!/" type="simple" />
            <root url="jar://D:/DevTools/huaweiJDK8/jre/lib/jfr.jar!/" type="simple" />
            <root url="jar://D:/DevTools/huaweiJDK8/jre/lib/jfxswt.jar!/" type="simple" />
            <root url="jar://D:/DevTools/huaweiJDK8/jre/lib/jsse.jar!/" type="simple" />
            <root url="jar://D:/DevTools/huaweiJDK8/jre/lib/management-agent.jar!/" type="simple" />
            <root url="jar://D:/DevTools/huaweiJDK8/jre/lib/resources.jar!/" type="simple" />
            <root url="jar://D:/DevTools/huaweiJDK8/jre/lib/rt.jar!/" type="simple" />
          </root>
        </classPath>
        <javadocPath>
          <root type="composite" />
        </javadocPath>
        <sourcePath>
          <root type="composite">
            <root url="jar://D:/DevTools/huaweiJDK8/src.zip!/" type="simple" />
            <root url="jar://D:/DevTools/huaweiJDK8/javafx-src.zip!/" type="simple" />
          </root>
        </sourcePath>
      </roots>
      <additional />
    </jdk>
    <jdk version="2">
      <name value="8" />
      <type value="JavaSDK" />
      <version value="java version &quot;1.8.0_272&quot;" />
      <homePath value="D:/DevTools/huaweiJDK8" />
      <roots>
        <annotationsPath>
          <root type="composite">
            <root url="jar://$APPLICATION_HOME_DIR$/plugins/java/lib/resources/jdkAnnotations.jar!/" type="simple" />
          </root>
        </annotationsPath>
        <classPath>
          <root type="composite">
            <root url="jar://D:/DevTools/huaweiJDK8/jre/lib/charsets.jar!/" type="simple" />
            <root url="jar://D:/DevTools/huaweiJDK8/jre/lib/ext/access-bridge-64.jar!/" type="simple" />
            <root url="jar://D:/DevTools/huaweiJDK8/jre/lib/ext/cldrdata.jar!/" type="simple" />
            <root url="jar://D:/DevTools/huaweiJDK8/jre/lib/ext/dnsns.jar!/" type="simple" />
            <root url="jar://D:/DevTools/huaweiJDK8/jre/lib/ext/jaccess.jar!/" type="simple" />
            <root url="jar://D:/DevTools/huaweiJDK8/jre/lib/ext/jfxrt.jar!/" type="simple" />
            <root url="jar://D:/DevTools/huaweiJDK8/jre/lib/ext/localedata.jar!/" type="simple" />
            <root url="jar://D:/DevTools/huaweiJDK8/jre/lib/ext/nashorn.jar!/" type="simple" />
            <root url="jar://D:/DevTools/huaweiJDK8/jre/lib/ext/sunec.jar!/" type="simple" />
            <root url="jar://D:/DevTools/huaweiJDK8/jre/lib/ext/sunjce_provider.jar!/" type="simple" />
            <root url="jar://D:/DevTools/huaweiJDK8/jre/lib/ext/sunmscapi.jar!/" type="simple" />
            <root url="jar://D:/DevTools/huaweiJDK8/jre/lib/ext/sunpkcs11.jar!/" type="simple" />
            <root url="jar://D:/DevTools/huaweiJDK8/jre/lib/ext/zipfs.jar!/" type="simple" />
            <root url="jar://D:/DevTools/huaweiJDK8/jre/lib/jce.jar!/" type="simple" />
            <root url="jar://D:/DevTools/huaweiJDK8/jre/lib/jfr.jar!/" type="simple" />
            <root url="jar://D:/DevTools/huaweiJDK8/jre/lib/jfxswt.jar!/" type="simple" />
            <root url="jar://D:/DevTools/huaweiJDK8/jre/lib/jsse.jar!/" type="simple" />
            <root url="jar://D:/DevTools/huaweiJDK8/jre/lib/management-agent.jar!/" type="simple" />
            <root url="jar://D:/DevTools/huaweiJDK8/jre/lib/resources.jar!/" type="simple" />
            <root url="jar://D:/DevTools/huaweiJDK8/jre/lib/rt.jar!/" type="simple" />
          </root>
        </classPath>
        <javadocPath>
          <root type="composite" />
        </javadocPath>
        <sourcePath>
          <root type="composite">
            <root url="jar://D:/DevTools/huaweiJDK8/src.zip!/" type="simple" />
            <root url="jar://D:/DevTools/huaweiJDK8/javafx-src.zip!/" type="simple" />
          </root>
        </sourcePath>
      </roots>
      <additional />
    </jdk>
    <jdk version="2">
      <name value="Kotlin SDK" />
      <type value="KotlinSDK" />
      <homePath value="" />
      <roots>
        <annotationsPath>
          <root type="composite" />
        </annotationsPath>
        <classPath>
          <root type="composite" />
        </classPath>
        <javadocPath>
          <root type="composite" />
        </javadocPath>
        <sourcePath>
          <root type="composite" />
        </sourcePath>
      </roots>
      <additional />
    </jdk>
    <jdk version="2">
      <name value="17" />
      <type value="JavaSDK" />
      <version value="Oracle OpenJDK version 17.0.6" />
      <homePath value="D:\jdk17" />
      <roots>
        <annotationsPath>
          <root type="composite">
            <root url="jar://$APPLICATION_HOME_DIR$/plugins/java/lib/resources/jdkAnnotations.jar!/" type="simple" />
          </root>
        </annotationsPath>
        <classPath>
          <root type="composite">
            <root url="jrt://D:/jdk17!/java.base" type="simple" />
            <root url="jrt://D:/jdk17!/java.compiler" type="simple" />
            <root url="jrt://D:/jdk17!/java.datatransfer" type="simple" />
            <root url="jrt://D:/jdk17!/java.desktop" type="simple" />
            <root url="jrt://D:/jdk17!/java.instrument" type="simple" />
            <root url="jrt://D:/jdk17!/java.logging" type="simple" />
            <root url="jrt://D:/jdk17!/java.management" type="simple" />
            <root url="jrt://D:/jdk17!/java.management.rmi" type="simple" />
            <root url="jrt://D:/jdk17!/java.naming" type="simple" />
            <root url="jrt://D:/jdk17!/java.net.http" type="simple" />
            <root url="jrt://D:/jdk17!/java.prefs" type="simple" />
            <root url="jrt://D:/jdk17!/java.rmi" type="simple" />
            <root url="jrt://D:/jdk17!/java.scripting" type="simple" />
            <root url="jrt://D:/jdk17!/java.se" type="simple" />
            <root url="jrt://D:/jdk17!/java.security.jgss" type="simple" />
            <root url="jrt://D:/jdk17!/java.security.sasl" type="simple" />
            <root url="jrt://D:/jdk17!/java.smartcardio" type="simple" />
            <root url="jrt://D:/jdk17!/java.sql" type="simple" />
            <root url="jrt://D:/jdk17!/java.sql.rowset" type="simple" />
            <root url="jrt://D:/jdk17!/java.transaction.xa" type="simple" />
            <root url="jrt://D:/jdk17!/java.xml" type="simple" />
            <root url="jrt://D:/jdk17!/java.xml.crypto" type="simple" />
            <root url="jrt://D:/jdk17!/jdk.accessibility" type="simple" />
            <root url="jrt://D:/jdk17!/jdk.attach" type="simple" />
            <root url="jrt://D:/jdk17!/jdk.charsets" type="simple" />
            <root url="jrt://D:/jdk17!/jdk.compiler" type="simple" />
            <root url="jrt://D:/jdk17!/jdk.crypto.cryptoki" type="simple" />
            <root url="jrt://D:/jdk17!/jdk.crypto.ec" type="simple" />
            <root url="jrt://D:/jdk17!/jdk.crypto.mscapi" type="simple" />
            <root url="jrt://D:/jdk17!/jdk.dynalink" type="simple" />
            <root url="jrt://D:/jdk17!/jdk.editpad" type="simple" />
            <root url="jrt://D:/jdk17!/jdk.hotspot.agent" type="simple" />
            <root url="jrt://D:/jdk17!/jdk.httpserver" type="simple" />
            <root url="jrt://D:/jdk17!/jdk.incubator.foreign" type="simple" />
            <root url="jrt://D:/jdk17!/jdk.incubator.vector" type="simple" />
            <root url="jrt://D:/jdk17!/jdk.internal.ed" type="simple" />
            <root url="jrt://D:/jdk17!/jdk.internal.jvmstat" type="simple" />
            <root url="jrt://D:/jdk17!/jdk.internal.le" type="simple" />
            <root url="jrt://D:/jdk17!/jdk.internal.opt" type="simple" />
            <root url="jrt://D:/jdk17!/jdk.internal.vm.ci" type="simple" />
            <root url="jrt://D:/jdk17!/jdk.internal.vm.compiler" type="simple" />
            <root url="jrt://D:/jdk17!/jdk.internal.vm.compiler.management" type="simple" />
            <root url="jrt://D:/jdk17!/jdk.jartool" type="simple" />
            <root url="jrt://D:/jdk17!/jdk.javadoc" type="simple" />
            <root url="jrt://D:/jdk17!/jdk.jcmd" type="simple" />
            <root url="jrt://D:/jdk17!/jdk.jconsole" type="simple" />
            <root url="jrt://D:/jdk17!/jdk.jdeps" type="simple" />
            <root url="jrt://D:/jdk17!/jdk.jdi" type="simple" />
            <root url="jrt://D:/jdk17!/jdk.jdwp.agent" type="simple" />
            <root url="jrt://D:/jdk17!/jdk.jfr" type="simple" />
            <root url="jrt://D:/jdk17!/jdk.jlink" type="simple" />
            <root url="jrt://D:/jdk17!/jdk.jpackage" type="simple" />
            <root url="jrt://D:/jdk17!/jdk.jshell" type="simple" />
            <root url="jrt://D:/jdk17!/jdk.jsobject" type="simple" />
            <root url="jrt://D:/jdk17!/jdk.jstatd" type="simple" />
            <root url="jrt://D:/jdk17!/jdk.localedata" type="simple" />
            <root url="jrt://D:/jdk17!/jdk.management" type="simple" />
            <root url="jrt://D:/jdk17!/jdk.management.agent" type="simple" />
            <root url="jrt://D:/jdk17!/jdk.management.jfr" type="simple" />
            <root url="jrt://D:/jdk17!/jdk.naming.dns" type="simple" />
            <root url="jrt://D:/jdk17!/jdk.naming.rmi" type="simple" />
            <root url="jrt://D:/jdk17!/jdk.net" type="simple" />
            <root url="jrt://D:/jdk17!/jdk.nio.mapmode" type="simple" />
            <root url="jrt://D:/jdk17!/jdk.random" type="simple" />
            <root url="jrt://D:/jdk17!/jdk.sctp" type="simple" />
            <root url="jrt://D:/jdk17!/jdk.security.auth" type="simple" />
            <root url="jrt://D:/jdk17!/jdk.security.jgss" type="simple" />
            <root url="jrt://D:/jdk17!/jdk.unsupported" type="simple" />
            <root url="jrt://D:/jdk17!/jdk.unsupported.desktop" type="simple" />
            <root url="jrt://D:/jdk17!/jdk.xml.dom" type="simple" />
            <root url="jrt://D:/jdk17!/jdk.zipfs" type="simple" />
          </root>
        </classPath>
        <javadocPath>
          <root type="composite" />
        </javadocPath>
        <sourcePath>
          <root type="composite">
            <root url="jar://D:/jdk17/lib/src.zip!/java.se" type="simple" />
            <root url="jar://D:/jdk17/lib/src.zip!/jdk.jdi" type="simple" />
            <root url="jar://D:/jdk17/lib/src.zip!/jdk.jfr" type="simple" />
            <root url="jar://D:/jdk17/lib/src.zip!/jdk.net" type="simple" />
            <root url="jar://D:/jdk17/lib/src.zip!/java.rmi" type="simple" />
            <root url="jar://D:/jdk17/lib/src.zip!/java.sql" type="simple" />
            <root url="jar://D:/jdk17/lib/src.zip!/java.xml" type="simple" />
            <root url="jar://D:/jdk17/lib/src.zip!/jdk.jcmd" type="simple" />
            <root url="jar://D:/jdk17/lib/src.zip!/jdk.sctp" type="simple" />
            <root url="jar://D:/jdk17/lib/src.zip!/java.base" type="simple" />
            <root url="jar://D:/jdk17/lib/src.zip!/jdk.jdeps" type="simple" />
            <root url="jar://D:/jdk17/lib/src.zip!/jdk.jlink" type="simple" />
            <root url="jar://D:/jdk17/lib/src.zip!/jdk.zipfs" type="simple" />
            <root url="jar://D:/jdk17/lib/src.zip!/java.prefs" type="simple" />
            <root url="jar://D:/jdk17/lib/src.zip!/jdk.attach" type="simple" />
            <root url="jar://D:/jdk17/lib/src.zip!/jdk.jshell" type="simple" />
            <root url="jar://D:/jdk17/lib/src.zip!/jdk.jstatd" type="simple" />
            <root url="jar://D:/jdk17/lib/src.zip!/jdk.random" type="simple" />
            <root url="jar://D:/jdk17/lib/src.zip!/java.naming" type="simple" />
            <root url="jar://D:/jdk17/lib/src.zip!/jdk.editpad" type="simple" />
            <root url="jar://D:/jdk17/lib/src.zip!/jdk.jartool" type="simple" />
            <root url="jar://D:/jdk17/lib/src.zip!/jdk.javadoc" type="simple" />
            <root url="jar://D:/jdk17/lib/src.zip!/jdk.xml.dom" type="simple" />
            <root url="jar://D:/jdk17/lib/src.zip!/java.desktop" type="simple" />
            <root url="jar://D:/jdk17/lib/src.zip!/java.logging" type="simple" />
            <root url="jar://D:/jdk17/lib/src.zip!/jdk.charsets" type="simple" />
            <root url="jar://D:/jdk17/lib/src.zip!/jdk.compiler" type="simple" />
            <root url="jar://D:/jdk17/lib/src.zip!/jdk.dynalink" type="simple" />
            <root url="jar://D:/jdk17/lib/src.zip!/jdk.jconsole" type="simple" />
            <root url="jar://D:/jdk17/lib/src.zip!/jdk.jpackage" type="simple" />
            <root url="jar://D:/jdk17/lib/src.zip!/jdk.jsobject" type="simple" />
            <root url="jar://D:/jdk17/lib/src.zip!/java.compiler" type="simple" />
            <root url="jar://D:/jdk17/lib/src.zip!/java.net.http" type="simple" />
            <root url="jar://D:/jdk17/lib/src.zip!/jdk.crypto.ec" type="simple" />
            <root url="jar://D:/jdk17/lib/src.zip!/java.scripting" type="simple" />
            <root url="jar://D:/jdk17/lib/src.zip!/jdk.httpserver" type="simple" />
            <root url="jar://D:/jdk17/lib/src.zip!/jdk.jdwp.agent" type="simple" />
            <root url="jar://D:/jdk17/lib/src.zip!/jdk.localedata" type="simple" />
            <root url="jar://D:/jdk17/lib/src.zip!/jdk.management" type="simple" />
            <root url="jar://D:/jdk17/lib/src.zip!/jdk.naming.dns" type="simple" />
            <root url="jar://D:/jdk17/lib/src.zip!/jdk.naming.rmi" type="simple" />
            <root url="jar://D:/jdk17/lib/src.zip!/java.instrument" type="simple" />
            <root url="jar://D:/jdk17/lib/src.zip!/java.management" type="simple" />
            <root url="jar://D:/jdk17/lib/src.zip!/java.sql.rowset" type="simple" />
            <root url="jar://D:/jdk17/lib/src.zip!/java.xml.crypto" type="simple" />
            <root url="jar://D:/jdk17/lib/src.zip!/jdk.internal.ed" type="simple" />
            <root url="jar://D:/jdk17/lib/src.zip!/jdk.internal.le" type="simple" />
            <root url="jar://D:/jdk17/lib/src.zip!/jdk.nio.mapmode" type="simple" />
            <root url="jar://D:/jdk17/lib/src.zip!/jdk.unsupported" type="simple" />
            <root url="jar://D:/jdk17/lib/src.zip!/java.smartcardio" type="simple" />
            <root url="jar://D:/jdk17/lib/src.zip!/jdk.internal.opt" type="simple" />
            <root url="jar://D:/jdk17/lib/src.zip!/java.datatransfer" type="simple" />
            <root url="jar://D:/jdk17/lib/src.zip!/jdk.accessibility" type="simple" />
            <root url="jar://D:/jdk17/lib/src.zip!/jdk.crypto.mscapi" type="simple" />
            <root url="jar://D:/jdk17/lib/src.zip!/jdk.hotspot.agent" type="simple" />
            <root url="jar://D:/jdk17/lib/src.zip!/jdk.security.auth" type="simple" />
            <root url="jar://D:/jdk17/lib/src.zip!/jdk.security.jgss" type="simple" />
            <root url="jar://D:/jdk17/lib/src.zip!/java.security.jgss" type="simple" />
            <root url="jar://D:/jdk17/lib/src.zip!/java.security.sasl" type="simple" />
            <root url="jar://D:/jdk17/lib/src.zip!/jdk.internal.vm.ci" type="simple" />
            <root url="jar://D:/jdk17/lib/src.zip!/jdk.management.jfr" type="simple" />
            <root url="jar://D:/jdk17/lib/src.zip!/java.management.rmi" type="simple" />
            <root url="jar://D:/jdk17/lib/src.zip!/java.transaction.xa" type="simple" />
            <root url="jar://D:/jdk17/lib/src.zip!/jdk.crypto.cryptoki" type="simple" />
            <root url="jar://D:/jdk17/lib/src.zip!/jdk.incubator.vector" type="simple" />
            <root url="jar://D:/jdk17/lib/src.zip!/jdk.internal.jvmstat" type="simple" />
            <root url="jar://D:/jdk17/lib/src.zip!/jdk.management.agent" type="simple" />
            <root url="jar://D:/jdk17/lib/src.zip!/jdk.incubator.foreign" type="simple" />
            <root url="jar://D:/jdk17/lib/src.zip!/jdk.unsupported.desktop" type="simple" />
            <root url="jar://D:/jdk17/lib/src.zip!/jdk.internal.vm.compiler" type="simple" />
            <root url="jar://D:/jdk17/lib/src.zip!/jdk.internal.vm.compiler.management" type="simple" />
          </root>
        </sourcePath>
      </roots>
      <additional />
    </jdk>
    <jdk version="2">
      <name value="11" />
      <type value="JavaSDK" />
      <version value="Oracle OpenJDK version 17.0.6" />
      <homePath value="D:\jdk17" />
      <roots>
        <annotationsPath>
          <root type="composite">
            <root url="jar://$APPLICATION_HOME_DIR$/plugins/java/lib/resources/jdkAnnotations.jar!/" type="simple" />
          </root>
        </annotationsPath>
        <classPath>
          <root type="composite">
            <root url="jrt://D:/jdk17!/java.base" type="simple" />
            <root url="jrt://D:/jdk17!/java.compiler" type="simple" />
            <root url="jrt://D:/jdk17!/java.datatransfer" type="simple" />
            <root url="jrt://D:/jdk17!/java.desktop" type="simple" />
            <root url="jrt://D:/jdk17!/java.instrument" type="simple" />
            <root url="jrt://D:/jdk17!/java.logging" type="simple" />
            <root url="jrt://D:/jdk17!/java.management" type="simple" />
            <root url="jrt://D:/jdk17!/java.management.rmi" type="simple" />
            <root url="jrt://D:/jdk17!/java.naming" type="simple" />
            <root url="jrt://D:/jdk17!/java.net.http" type="simple" />
            <root url="jrt://D:/jdk17!/java.prefs" type="simple" />
            <root url="jrt://D:/jdk17!/java.rmi" type="simple" />
            <root url="jrt://D:/jdk17!/java.scripting" type="simple" />
            <root url="jrt://D:/jdk17!/java.se" type="simple" />
            <root url="jrt://D:/jdk17!/java.security.jgss" type="simple" />
            <root url="jrt://D:/jdk17!/java.security.sasl" type="simple" />
            <root url="jrt://D:/jdk17!/java.smartcardio" type="simple" />
            <root url="jrt://D:/jdk17!/java.sql" type="simple" />
            <root url="jrt://D:/jdk17!/java.sql.rowset" type="simple" />
            <root url="jrt://D:/jdk17!/java.transaction.xa" type="simple" />
            <root url="jrt://D:/jdk17!/java.xml" type="simple" />
            <root url="jrt://D:/jdk17!/java.xml.crypto" type="simple" />
            <root url="jrt://D:/jdk17!/jdk.accessibility" type="simple" />
            <root url="jrt://D:/jdk17!/jdk.attach" type="simple" />
            <root url="jrt://D:/jdk17!/jdk.charsets" type="simple" />
            <root url="jrt://D:/jdk17!/jdk.compiler" type="simple" />
            <root url="jrt://D:/jdk17!/jdk.crypto.cryptoki" type="simple" />
            <root url="jrt://D:/jdk17!/jdk.crypto.ec" type="simple" />
            <root url="jrt://D:/jdk17!/jdk.crypto.mscapi" type="simple" />
            <root url="jrt://D:/jdk17!/jdk.dynalink" type="simple" />
            <root url="jrt://D:/jdk17!/jdk.editpad" type="simple" />
            <root url="jrt://D:/jdk17!/jdk.hotspot.agent" type="simple" />
            <root url="jrt://D:/jdk17!/jdk.httpserver" type="simple" />
            <root url="jrt://D:/jdk17!/jdk.incubator.foreign" type="simple" />
            <root url="jrt://D:/jdk17!/jdk.incubator.vector" type="simple" />
            <root url="jrt://D:/jdk17!/jdk.internal.ed" type="simple" />
            <root url="jrt://D:/jdk17!/jdk.internal.jvmstat" type="simple" />
            <root url="jrt://D:/jdk17!/jdk.internal.le" type="simple" />
            <root url="jrt://D:/jdk17!/jdk.internal.opt" type="simple" />
            <root url="jrt://D:/jdk17!/jdk.internal.vm.ci" type="simple" />
            <root url="jrt://D:/jdk17!/jdk.internal.vm.compiler" type="simple" />
            <root url="jrt://D:/jdk17!/jdk.internal.vm.compiler.management" type="simple" />
            <root url="jrt://D:/jdk17!/jdk.jartool" type="simple" />
            <root url="jrt://D:/jdk17!/jdk.javadoc" type="simple" />
            <root url="jrt://D:/jdk17!/jdk.jcmd" type="simple" />
            <root url="jrt://D:/jdk17!/jdk.jconsole" type="simple" />
            <root url="jrt://D:/jdk17!/jdk.jdeps" type="simple" />
            <root url="jrt://D:/jdk17!/jdk.jdi" type="simple" />
            <root url="jrt://D:/jdk17!/jdk.jdwp.agent" type="simple" />
            <root url="jrt://D:/jdk17!/jdk.jfr" type="simple" />
            <root url="jrt://D:/jdk17!/jdk.jlink" type="simple" />
            <root url="jrt://D:/jdk17!/jdk.jpackage" type="simple" />
            <root url="jrt://D:/jdk17!/jdk.jshell" type="simple" />
            <root url="jrt://D:/jdk17!/jdk.jsobject" type="simple" />
            <root url="jrt://D:/jdk17!/jdk.jstatd" type="simple" />
            <root url="jrt://D:/jdk17!/jdk.localedata" type="simple" />
            <root url="jrt://D:/jdk17!/jdk.management" type="simple" />
            <root url="jrt://D:/jdk17!/jdk.management.agent" type="simple" />
            <root url="jrt://D:/jdk17!/jdk.management.jfr" type="simple" />
            <root url="jrt://D:/jdk17!/jdk.naming.dns" type="simple" />
            <root url="jrt://D:/jdk17!/jdk.naming.rmi" type="simple" />
            <root url="jrt://D:/jdk17!/jdk.net" type="simple" />
            <root url="jrt://D:/jdk17!/jdk.nio.mapmode" type="simple" />
            <root url="jrt://D:/jdk17!/jdk.random" type="simple" />
            <root url="jrt://D:/jdk17!/jdk.sctp" type="simple" />
            <root url="jrt://D:/jdk17!/jdk.security.auth" type="simple" />
            <root url="jrt://D:/jdk17!/jdk.security.jgss" type="simple" />
            <root url="jrt://D:/jdk17!/jdk.unsupported" type="simple" />
            <root url="jrt://D:/jdk17!/jdk.unsupported.desktop" type="simple" />
            <root url="jrt://D:/jdk17!/jdk.xml.dom" type="simple" />
            <root url="jrt://D:/jdk17!/jdk.zipfs" type="simple" />
          </root>
        </classPath>
        <javadocPath>
          <root type="composite" />
        </javadocPath>
        <sourcePath>
          <root type="composite">
            <root url="jar://D:/jdk17/lib/src.zip!/java.se" type="simple" />
            <root url="jar://D:/jdk17/lib/src.zip!/jdk.jdi" type="simple" />
            <root url="jar://D:/jdk17/lib/src.zip!/jdk.jfr" type="simple" />
            <root url="jar://D:/jdk17/lib/src.zip!/jdk.net" type="simple" />
            <root url="jar://D:/jdk17/lib/src.zip!/java.rmi" type="simple" />
            <root url="jar://D:/jdk17/lib/src.zip!/java.sql" type="simple" />
            <root url="jar://D:/jdk17/lib/src.zip!/java.xml" type="simple" />
            <root url="jar://D:/jdk17/lib/src.zip!/jdk.jcmd" type="simple" />
            <root url="jar://D:/jdk17/lib/src.zip!/jdk.sctp" type="simple" />
            <root url="jar://D:/jdk17/lib/src.zip!/java.base" type="simple" />
            <root url="jar://D:/jdk17/lib/src.zip!/jdk.jdeps" type="simple" />
            <root url="jar://D:/jdk17/lib/src.zip!/jdk.jlink" type="simple" />
            <root url="jar://D:/jdk17/lib/src.zip!/jdk.zipfs" type="simple" />
            <root url="jar://D:/jdk17/lib/src.zip!/java.prefs" type="simple" />
            <root url="jar://D:/jdk17/lib/src.zip!/jdk.attach" type="simple" />
            <root url="jar://D:/jdk17/lib/src.zip!/jdk.jshell" type="simple" />
            <root url="jar://D:/jdk17/lib/src.zip!/jdk.jstatd" type="simple" />
            <root url="jar://D:/jdk17/lib/src.zip!/jdk.random" type="simple" />
            <root url="jar://D:/jdk17/lib/src.zip!/java.naming" type="simple" />
            <root url="jar://D:/jdk17/lib/src.zip!/jdk.editpad" type="simple" />
            <root url="jar://D:/jdk17/lib/src.zip!/jdk.jartool" type="simple" />
            <root url="jar://D:/jdk17/lib/src.zip!/jdk.javadoc" type="simple" />
            <root url="jar://D:/jdk17/lib/src.zip!/jdk.xml.dom" type="simple" />
            <root url="jar://D:/jdk17/lib/src.zip!/java.desktop" type="simple" />
            <root url="jar://D:/jdk17/lib/src.zip!/java.logging" type="simple" />
            <root url="jar://D:/jdk17/lib/src.zip!/jdk.charsets" type="simple" />
            <root url="jar://D:/jdk17/lib/src.zip!/jdk.compiler" type="simple" />
            <root url="jar://D:/jdk17/lib/src.zip!/jdk.dynalink" type="simple" />
            <root url="jar://D:/jdk17/lib/src.zip!/jdk.jconsole" type="simple" />
            <root url="jar://D:/jdk17/lib/src.zip!/jdk.jpackage" type="simple" />
            <root url="jar://D:/jdk17/lib/src.zip!/jdk.jsobject" type="simple" />
            <root url="jar://D:/jdk17/lib/src.zip!/java.compiler" type="simple" />
            <root url="jar://D:/jdk17/lib/src.zip!/java.net.http" type="simple" />
            <root url="jar://D:/jdk17/lib/src.zip!/jdk.crypto.ec" type="simple" />
            <root url="jar://D:/jdk17/lib/src.zip!/java.scripting" type="simple" />
            <root url="jar://D:/jdk17/lib/src.zip!/jdk.httpserver" type="simple" />
            <root url="jar://D:/jdk17/lib/src.zip!/jdk.jdwp.agent" type="simple" />
            <root url="jar://D:/jdk17/lib/src.zip!/jdk.localedata" type="simple" />
            <root url="jar://D:/jdk17/lib/src.zip!/jdk.management" type="simple" />
            <root url="jar://D:/jdk17/lib/src.zip!/jdk.naming.dns" type="simple" />
            <root url="jar://D:/jdk17/lib/src.zip!/jdk.naming.rmi" type="simple" />
            <root url="jar://D:/jdk17/lib/src.zip!/java.instrument" type="simple" />
            <root url="jar://D:/jdk17/lib/src.zip!/java.management" type="simple" />
            <root url="jar://D:/jdk17/lib/src.zip!/java.sql.rowset" type="simple" />
            <root url="jar://D:/jdk17/lib/src.zip!/java.xml.crypto" type="simple" />
            <root url="jar://D:/jdk17/lib/src.zip!/jdk.internal.ed" type="simple" />
            <root url="jar://D:/jdk17/lib/src.zip!/jdk.internal.le" type="simple" />
            <root url="jar://D:/jdk17/lib/src.zip!/jdk.nio.mapmode" type="simple" />
            <root url="jar://D:/jdk17/lib/src.zip!/jdk.unsupported" type="simple" />
            <root url="jar://D:/jdk17/lib/src.zip!/java.smartcardio" type="simple" />
            <root url="jar://D:/jdk17/lib/src.zip!/jdk.internal.opt" type="simple" />
            <root url="jar://D:/jdk17/lib/src.zip!/java.datatransfer" type="simple" />
            <root url="jar://D:/jdk17/lib/src.zip!/jdk.accessibility" type="simple" />
            <root url="jar://D:/jdk17/lib/src.zip!/jdk.crypto.mscapi" type="simple" />
            <root url="jar://D:/jdk17/lib/src.zip!/jdk.hotspot.agent" type="simple" />
            <root url="jar://D:/jdk17/lib/src.zip!/jdk.security.auth" type="simple" />
            <root url="jar://D:/jdk17/lib/src.zip!/jdk.security.jgss" type="simple" />
            <root url="jar://D:/jdk17/lib/src.zip!/java.security.jgss" type="simple" />
            <root url="jar://D:/jdk17/lib/src.zip!/java.security.sasl" type="simple" />
            <root url="jar://D:/jdk17/lib/src.zip!/jdk.internal.vm.ci" type="simple" />
            <root url="jar://D:/jdk17/lib/src.zip!/jdk.management.jfr" type="simple" />
            <root url="jar://D:/jdk17/lib/src.zip!/java.management.rmi" type="simple" />
            <root url="jar://D:/jdk17/lib/src.zip!/java.transaction.xa" type="simple" />
            <root url="jar://D:/jdk17/lib/src.zip!/jdk.crypto.cryptoki" type="simple" />
            <root url="jar://D:/jdk17/lib/src.zip!/jdk.incubator.vector" type="simple" />
            <root url="jar://D:/jdk17/lib/src.zip!/jdk.internal.jvmstat" type="simple" />
            <root url="jar://D:/jdk17/lib/src.zip!/jdk.management.agent" type="simple" />
            <root url="jar://D:/jdk17/lib/src.zip!/jdk.incubator.foreign" type="simple" />
            <root url="jar://D:/jdk17/lib/src.zip!/jdk.unsupported.desktop" type="simple" />
            <root url="jar://D:/jdk17/lib/src.zip!/jdk.internal.vm.compiler" type="simple" />
            <root url="jar://D:/jdk17/lib/src.zip!/jdk.internal.vm.compiler.management" type="simple" />
          </root>
        </sourcePath>
      </roots>
      <additional />
    </jdk>
  </component>
</application>