<keymap version="1" name="XWin copy 1" parent="Default for XWin">
  <action id="CallInlineCompletionAction">
    <keyboard-shortcut first-keystroke="ctrl comma" />
  </action>
  <action id="EditorLookupSelectionDown">
    <keyboard-shortcut first-keystroke="ctrl n" />
  </action>
  <action id="EditorLookupSelectionUp">
    <keyboard-shortcut first-keystroke="ctrl p" />
  </action>
  <action id="FileChooser.NewFolder">
    <keyboard-shortcut first-keystroke="alt insert" />
  </action>
  <action id="FileChooser.TogglePathBar" />
  <action id="FindInPath" />
  <action id="GotoClass" />
  <action id="GotoFile">
    <keyboard-shortcut first-keystroke="shift ctrl n" />
    <keyboard-shortcut first-keystroke="alt f" />
  </action>
  <action id="ParameterInfo" />
  <action id="SearchEverywhere">
    <keyboard-shortcut first-keystroke="shift ctrl f" />
  </action>
  <action id="ShowSettings">
    <keyboard-shortcut first-keystroke="ctrl alt s" />
    <keyboard-shortcut first-keystroke="shift alt s" />
  </action>
  <action id="context.save" />
</keymap>