<application>
  <component name="UserCacheManager">
    <option name="userInfo">
      <HwUser>
        <option name="cacheTime" value="1724327080728" />
        <option name="givenName" value="zengshuai" />
        <option name="hwDepartName1" value="华为技术" />
        <option name="hwDepartName2" value="华为云计算公司" />
        <option name="hwDepartName3" value="云服务产品部" />
        <option name="hwDepartName4" value="数字化平台部" />
        <option name="hwDepartName5" value="CRM服务域项目群" />
        <option name="id" value="30034089" />
        <option name="name" value="zengshuai 30034089" />
        <option name="nickName" value="曾帅" />
        <option name="physicalDeliveryOfficeName" value="CRM服务域项目群(华为云计算公司)" />
        <option name="sAMAccountName" value="z30034089" />
        <option name="title" value="30034089,曾帅,CRM Service Domain Program" />
      </HwUser>
    </option>
  </component>
</application>